,año,clave_entidad,entidad,sexo_victima,enero,febrero,marzo,abril,mayo,junio,julio,agosto,septiembre,octubre,noviembre,diciembre,delitos_totales
0,2015,1,Aguascalientes,Hombre,7,1.0,3.0,4.0,2.0,2.0,2.0,2.0,4.0,2.0,3.0,2.0,34.0
1,2015,1,Aguascalientes,Mujer,0,0.0,1.0,0.0,2.0,2.0,1.0,1.0,0.0,0.0,0.0,0.0,7.0
2,2015,1,Aguascalientes,No identificado,0,0.0,0.0,0.0,0.0,0.0,0.0,0.0,0.0,0.0,0.0,0.0,0.0
3,2015,2,Baja California,Hombre,45,50.0,51.0,56.0,78.0,73.0,65.0,79.0,80.0,70.0,72.0,66.0,785.0
4,2015,2,Baja California,Mujer,7,8.0,5.0,10.0,4.0,10.0,13.0,8.0,11.0,8.0,13.0,7.0,104.0
5,2015,2,Baja California,No identificado,0,1.0,3.0,1.0,0.0,0.0,1.0,2.0,2.0,0.0,0.0,0.0,10.0
6,2015,3,Baja California Sur,Hombre,15,11.0,8.0,18.0,20.0,7.0,10.0,21.0,28.0,5.0,6.0,6.0,155.0
7,2015,3,Baja California Sur,Mujer,2,2.0,0.0,0.0,2.0,0.0,1.0,7.0,6.0,1.0,0.0,0.0,21.0
8,2015,3,Baja California Sur,No identificado,0,0.0,0.0,0.0,0.0,0.0,0.0,0.0,0.0,0.0,1.0,0.0,1.0
9,2015,4,Campeche,Hombre,3,3.0,9.0,4.0,7.0,5.0,0.0,3.0,3.0,4.0,3.0,7.0,51.0
10,2015,4,Campeche,Mujer,0,0.0,1.0,0.0,1.0,0.0,0.0,1.0,0.0,0.0,1.0,0.0,4.0
11,2015,4,Campeche,No identificado,0,0.0,0.0,0.0,0.0,0.0,0.0,0.0,0.0,0.0,0.0,0.0,0.0
12,2015,5,Coahuila de Zaragoza,Hombre,54,18.0,33.0,22.0,21.0,11.0,24.0,21.0,14.0,13.0,15.0,25.0,271.0
13,2015,5,Coahuila de Zaragoza,Mujer,8,7.0,9.0,4.0,4.0,4.0,0.0,5.0,3.0,2.0,2.0,5.0,53.0
14,2015,5,Coahuila de Zaragoza,No identificado,0,0.0,0.0,0.0,0.0,0.0,0.0,0.0,0.0,0.0,0.0,0.0,0.0
15,2015,6,Colima,Hombre,10,8.0,10.0,7.0,12.0,11.0,8.0,10.0,21.0,18.0,25.0,29.0,169.0
16,2015,6,Colima,Mujer,3,4.0,2.0,0.0,0.0,0.0,2.0,0.0,1.0,0.0,1.0,2.0,15.0
17,2015,6,Colima,No identificado,0,0.0,0.0,0.0,0.0,0.0,0.0,0.0,0.0,0.0,0.0,0.0,0.0
18,2015,7,Chiapas,Hombre,37,37.0,29.0,44.0,41.0,38.0,31.0,54.0,54.0,42.0,34.0,36.0,477.0
19,2015,7,Chiapas,Mujer,0,5.0,3.0,5.0,1.0,1.0,3.0,3.0,1.0,3.0,6.0,2.0,33.0
20,2015,7,Chiapas,No identificado,0,0.0,1.0,0.0,1.0,1.0,0.0,0.0,0.0,0.0,0.0,0.0,3.0
21,2015,8,Chihuahua,Hombre,109,97.0,87.0,76.0,91.0,98.0,115.0,102.0,66.0,63.0,66.0,67.0,1037.0
22,2015,8,Chihuahua,Mujer,7,10.0,16.0,2.0,9.0,10.0,7.0,9.0,9.0,11.0,5.0,9.0,104.0
23,2015,8,Chihuahua,No identificado,0,0.0,0.0,0.0,10.0,0.0,0.0,0.0,0.0,0.0,0.0,0.0,10.0
24,2015,9,Ciudad de México,Hombre,53,57.0,58.0,66.0,76.0,64.0,67.0,69.0,62.0,64.0,70.0,65.0,771.0
25,2015,9,Ciudad de México,Mujer,7,5.0,3.0,5.0,9.0,4.0,10.0,2.0,7.0,8.0,3.0,5.0,68.0
26,2015,9,Ciudad de México,No identificado,0,0.0,0.0,0.0,2.0,1.0,0.0,0.0,0.0,0.0,0.0,0.0,3.0
27,2015,10,Durango,Hombre,15,20.0,29.0,27.0,21.0,18.0,21.0,15.0,13.0,13.0,13.0,22.0,227.0
28,2015,10,Durango,Mujer,2,0.0,2.0,1.0,0.0,1.0,1.0,0.0,0.0,1.0,1.0,0.0,9.0
29,2015,10,Durango,No identificado,0,0.0,0.0,0.0,0.0,0.0,0.0,0.0,0.0,0.0,0.0,0.0,0.0
30,2015,11,Guanajuato,Hombre,62,64.0,62.0,73.0,62.0,85.0,59.0,91.0,86.0,59.0,78.0,66.0,847.0
31,2015,11,Guanajuato,Mujer,4,8.0,5.0,2.0,9.0,6.0,4.0,10.0,7.0,38.0,7.0,9.0,109.0
32,2015,11,Guanajuato,No identificado,0,0.0,0.0,0.0,0.0,0.0,0.0,0.0,1.0,0.0,0.0,0.0,1.0
33,2015,12,Guerrero,Hombre,0,0.0,0.0,0.0,159.0,126.0,152.0,189.0,129.0,132.0,155.0,166.0,1208.0
34,2015,12,Guerrero,Mujer,0,0.0,0.0,0.0,14.0,5.0,27.0,9.0,11.0,14.0,18.0,26.0,124.0
35,2015,12,Guerrero,No identificado,138,140.0,155.0,194.0,2.0,10.0,0.0,1.0,23.0,21.0,0.0,0.0,684.0
36,2015,13,Hidalgo,Hombre,5,16.0,10.0,5.0,8.0,7.0,12.0,11.0,15.0,14.0,11.0,11.0,125.0
37,2015,13,Hidalgo,Mujer,0,3.0,3.0,2.0,0.0,0.0,2.0,5.0,7.0,4.0,2.0,3.0,31.0
38,2015,13,Hidalgo,No identificado,0,0.0,0.0,0.0,0.0,0.0,0.0,0.0,0.0,2.0,0.0,0.0,2.0
39,2015,14,Jalisco,Hombre,82,71.0,65.0,88.0,71.0,72.0,88.0,85.0,78.0,88.0,94.0,102.0,984.0
40,2015,14,Jalisco,Mujer,11,4.0,5.0,7.0,7.0,4.0,5.0,7.0,9.0,5.0,5.0,5.0,74.0
41,2015,14,Jalisco,No identificado,0,1.0,0.0,0.0,0.0,3.0,5.0,5.0,1.0,2.0,1.0,2.0,20.0
42,2015,15,México,Hombre,172,135.0,169.0,182.0,179.0,164.0,133.0,156.0,188.0,152.0,157.0,172.0,1959.0
43,2015,15,México,Mujer,26,31.0,24.0,24.0,30.0,31.0,30.0,26.0,31.0,25.0,31.0,26.0,335.0
44,2015,15,México,No identificado,1,1.0,1.0,0.0,2.0,0.0,1.0,1.0,1.0,0.0,0.0,0.0,8.0
45,2015,16,Michoacán de Ocampo,Hombre,67,44.0,48.0,59.0,109.0,78.0,79.0,79.0,63.0,65.0,77.0,86.0,854.0
46,2015,16,Michoacán de Ocampo,Mujer,9,7.0,3.0,4.0,3.0,5.0,8.0,6.0,4.0,9.0,8.0,19.0,85.0
47,2015,16,Michoacán de Ocampo,No identificado,0,0.0,1.0,0.0,0.0,2.0,0.0,1.0,2.0,4.0,0.0,3.0,13.0
48,2015,17,Morelos,Hombre,21,29.0,51.0,29.0,28.0,37.0,34.0,41.0,43.0,31.0,39.0,50.0,433.0
49,2015,17,Morelos,Mujer,2,5.0,7.0,4.0,3.0,1.0,6.0,3.0,7.0,1.0,3.0,1.0,43.0
50,2015,17,Morelos,No identificado,6,3.0,1.0,0.0,1.0,5.0,1.0,0.0,1.0,1.0,0.0,0.0,19.0
51,2015,18,Nayarit,Hombre,5,5.0,7.0,7.0,4.0,10.0,10.0,11.0,7.0,5.0,7.0,3.0,81.0
52,2015,18,Nayarit,Mujer,0,0.0,0.0,0.0,0.0,1.0,0.0,4.0,1.0,1.0,1.0,0.0,8.0
53,2015,18,Nayarit,No identificado,0,0.0,0.0,1.0,0.0,0.0,0.0,0.0,0.0,0.0,0.0,1.0,2.0
54,2015,19,Nuevo León,Hombre,31,24.0,31.0,30.0,36.0,48.0,29.0,34.0,44.0,39.0,22.0,24.0,392.0
55,2015,19,Nuevo León,Mujer,3,7.0,2.0,2.0,5.0,7.0,4.0,2.0,5.0,11.0,3.0,7.0,58.0
56,2015,19,Nuevo León,No identificado,0,0.0,0.0,0.0,0.0,0.0,0.0,0.0,0.0,0.0,0.0,0.0,0.0
57,2015,20,Oaxaca,Hombre,0,50.0,0.0,0.0,53.0,0.0,0.0,39.0,0.0,0.0,66.0,0.0,208.0
58,2015,20,Oaxaca,Mujer,0,3.0,0.0,0.0,3.0,0.0,0.0,1.0,0.0,0.0,2.0,0.0,9.0
59,2015,20,Oaxaca,No identificado,0,1.0,0.0,0.0,3.0,0.0,0.0,2.0,0.0,0.0,2.0,0.0,8.0
60,2015,21,Puebla,Hombre,39,34.0,34.0,38.0,35.0,36.0,39.0,48.0,42.0,43.0,53.0,30.0,471.0
61,2015,21,Puebla,Mujer,7,7.0,5.0,6.0,6.0,7.0,7.0,9.0,9.0,11.0,8.0,3.0,85.0
62,2015,21,Puebla,No identificado,0,0.0,0.0,0.0,0.0,0.0,0.0,0.0,0.0,0.0,0.0,0.0,0.0
63,2015,22,Querétaro,Hombre,9,10.0,11.0,10.0,10.0,8.0,10.0,10.0,10.0,22.0,13.0,7.0,130.0
64,2015,22,Querétaro,Mujer,0,0.0,1.0,1.0,3.0,1.0,1.0,2.0,1.0,1.0,0.0,1.0,12.0
65,2015,22,Querétaro,No identificado,0,0.0,0.0,0.0,0.0,1.0,1.0,1.0,1.0,0.0,0.0,0.0,4.0
66,2015,23,Quintana Roo,Hombre,8,5.0,10.0,16.0,10.0,18.0,20.0,20.0,17.0,12.0,20.0,4.0,160.0
67,2015,23,Quintana Roo,Mujer,3,5.0,1.0,3.0,1.0,5.0,1.0,9.0,6.0,8.0,3.0,2.0,47.0
68,2015,23,Quintana Roo,No identificado,4,2.0,0.0,1.0,0.0,0.0,0.0,0.0,1.0,7.0,4.0,6.0,25.0
69,2015,24,San Luis Potosí,Hombre,18,11.0,13.0,12.0,21.0,20.0,23.0,20.0,15.0,23.0,19.0,26.0,221.0
70,2015,24,San Luis Potosí,Mujer,1,2.0,2.0,1.0,7.0,5.0,0.0,3.0,2.0,4.0,5.0,3.0,35.0
71,2015,24,San Luis Potosí,No identificado,0,0.0,0.0,1.0,0.0,0.0,0.0,0.0,0.0,0.0,0.0,0.0,1.0
72,2015,25,Sinaloa,Hombre,65,73.0,60.0,75.0,109.0,77.0,72.0,88.0,68.0,70.0,96.0,85.0,938.0
73,2015,25,Sinaloa,Mujer,1,3.0,2.0,6.0,4.0,2.0,3.0,3.0,2.0,4.0,3.0,1.0,34.0
74,2015,25,Sinaloa,No identificado,1,0.0,0.0,0.0,1.0,3.0,3.0,0.0,0.0,0.0,0.0,0.0,8.0
75,2015,26,Sonora,Hombre,31,35.0,41.0,30.0,47.0,48.0,56.0,62.0,43.0,47.0,37.0,23.0,500.0
76,2015,26,Sonora,Mujer,5,2.0,4.0,2.0,6.0,6.0,6.0,7.0,4.0,9.0,4.0,3.0,58.0
77,2015,26,Sonora,No identificado,0,6.0,7.0,0.0,4.0,8.0,5.0,0.0,1.0,0.0,0.0,0.0,31.0
78,2015,27,Tabasco,Hombre,16,9.0,16.0,16.0,12.0,14.0,28.0,25.0,12.0,21.0,9.0,11.0,189.0
79,2015,27,Tabasco,Mujer,3,1.0,1.0,2.0,4.0,2.0,2.0,0.0,3.0,0.0,1.0,3.0,22.0
80,2015,27,Tabasco,No identificado,5,3.0,1.0,1.0,0.0,6.0,1.0,1.0,3.0,0.0,7.0,5.0,33.0
81,2015,28,Tamaulipas,Hombre,37,114.0,62.0,70.0,48.0,53.0,66.0,46.0,34.0,30.0,50.0,32.0,642.0
82,2015,28,Tamaulipas,Mujer,1,8.0,7.0,5.0,9.0,6.0,5.0,8.0,6.0,8.0,9.0,5.0,77.0
83,2015,28,Tamaulipas,No identificado,11,3.0,11.0,9.0,1.0,1.0,3.0,1.0,0.0,0.0,0.0,3.0,43.0
84,2015,29,Tlaxcala,Hombre,4,2.0,7.0,7.0,0.0,3.0,1.0,5.0,1.0,6.0,3.0,5.0,44.0
85,2015,29,Tlaxcala,Mujer,1,1.0,0.0,1.0,0.0,1.0,2.0,0.0,1.0,0.0,1.0,0.0,8.0
86,2015,29,Tlaxcala,No identificado,0,0.0,0.0,0.0,2.0,3.0,0.0,0.0,0.0,0.0,1.0,3.0,9.0
87,2015,30,Veracruz de Ignacio de la Llave,Hombre,18,29.0,38.0,33.0,29.0,29.0,48.0,48.0,36.0,53.0,62.0,58.0,481.0
88,2015,30,Veracruz de Ignacio de la Llave,Mujer,4,1.0,1.0,3.0,2.0,1.0,4.0,3.0,5.0,4.0,7.0,3.0,38.0
89,2015,30,Veracruz de Ignacio de la Llave,No identificado,5,5.0,1.0,1.0,6.0,6.0,7.0,3.0,7.0,3.0,3.0,8.0,55.0
90,2015,31,Yucatán,Hombre,1,1.0,6.0,2.0,8.0,4.0,5.0,1.0,4.0,2.0,4.0,6.0,44.0
91,2015,31,Yucatán,Mujer,0,0.0,2.0,1.0,0.0,0.0,2.0,0.0,0.0,0.0,0.0,3.0,8.0
92,2015,31,Yucatán,No identificado,0,0.0,0.0,0.0,0.0,0.0,0.0,0.0,0.0,0.0,0.0,0.0,0.0
93,2015,32,Zacatecas,Hombre,27,20.0,21.0,23.0,9.0,24.0,40.0,17.0,18.0,25.0,29.0,17.0,270.0
94,2015,32,Zacatecas,Mujer,0,0.0,1.0,1.0,2.0,0.0,7.0,1.0,2.0,0.0,1.0,1.0,16.0
95,2015,32,Zacatecas,No identificado,0,0.0,0.0,0.0,0.0,0.0,0.0,0.0,0.0,0.0,0.0,0.0,0.0
96,2016,1,Aguascalientes,Hombre,0,3.0,7.0,6.0,3.0,3.0,1.0,2.0,4.0,4.0,2.0,3.0,38.0
97,2016,1,Aguascalientes,Mujer,0,1.0,0.0,0.0,2.0,0.0,0.0,0.0,0.0,0.0,0.0,1.0,4.0
98,2016,1,Aguascalientes,No identificado,0,0.0,0.0,0.0,0.0,0.0,0.0,0.0,0.0,0.0,0.0,0.0,0.0
99,2016,2,Baja California,Hombre,87,67.0,82.0,70.0,99.0,71.0,100.0,74.0,119.0,95.0,116.0,125.0,1105.0
100,2016,2,Baja California,Mujer,11,11.0,8.0,8.0,7.0,8.0,10.0,9.0,18.0,9.0,8.0,16.0,123.0
101,2016,2,Baja California,No identificado,2,2.0,1.0,2.0,0.0,3.0,0.0,0.0,0.0,1.0,3.0,2.0,16.0
102,2016,3,Baja California Sur,Hombre,9,4.0,6.0,9.0,12.0,19.0,10.0,34.0,35.0,31.0,43.0,42.0,254.0
103,2016,3,Baja California Sur,Mujer,0,0.0,0.0,3.0,0.0,1.0,2.0,0.0,2.0,0.0,4.0,3.0,15.0
104,2016,3,Baja California Sur,No identificado,0,0.0,0.0,0.0,0.0,0.0,0.0,0.0,0.0,0.0,0.0,0.0,0.0
105,2016,4,Campeche,Hombre,11,3.0,3.0,7.0,5.0,4.0,6.0,8.0,5.0,7.0,10.0,7.0,76.0
106,2016,4,Campeche,Mujer,0,0.0,1.0,0.0,2.0,1.0,2.0,0.0,1.0,0.0,0.0,0.0,7.0
107,2016,4,Campeche,No identificado,5,0.0,0.0,0.0,0.0,0.0,0.0,0.0,0.0,0.0,0.0,0.0,5.0
108,2016,5,Coahuila de Zaragoza,Hombre,16,13.0,20.0,22.0,34.0,15.0,16.0,13.0,15.0,13.0,12.0,13.0,202.0
109,2016,5,Coahuila de Zaragoza,Mujer,2,2.0,2.0,1.0,4.0,2.0,1.0,2.0,4.0,2.0,3.0,5.0,30.0
110,2016,5,Coahuila de Zaragoza,No identificado,0,1.0,0.0,0.0,0.0,0.0,0.0,0.0,0.0,0.0,0.0,0.0,1.0
111,2016,6,Colima,Hombre,27,42.0,46.0,67.0,40.0,33.0,47.0,45.0,42.0,38.0,53.0,63.0,543.0
112,2016,6,Colima,Mujer,1,2.0,4.0,4.0,1.0,4.0,2.0,2.0,6.0,6.0,2.0,4.0,38.0
113,2016,6,Colima,No identificado,1,0.0,0.0,0.0,1.0,0.0,0.0,0.0,0.0,0.0,0.0,0.0,2.0
114,2016,7,Chiapas,Hombre,34,31.0,38.0,33.0,29.0,39.0,39.0,39.0,38.0,43.0,39.0,40.0,442.0
115,2016,7,Chiapas,Mujer,3,3.0,1.0,4.0,6.0,1.0,2.0,3.0,4.0,10.0,7.0,1.0,45.0
116,2016,7,Chiapas,No identificado,0,0.0,2.0,0.0,0.0,0.0,0.0,0.0,0.0,0.0,0.0,0.0,2.0
117,2016,8,Chihuahua,Hombre,87,78.0,77.0,99.0,110.0,93.0,110.0,119.0,132.0,197.0,114.0,112.0,1328.0
118,2016,8,Chihuahua,Mujer,3,3.0,7.0,10.0,12.0,16.0,18.0,17.0,11.0,12.0,14.0,19.0,142.0
119,2016,8,Chihuahua,No identificado,0,0.0,0.0,0.0,0.0,0.0,0.0,0.0,0.0,0.0,0.0,0.0,0.0
120,2016,9,Ciudad de México,Hombre,61,64.0,71.0,70.0,74.0,75.0,77.0,71.0,91.0,81.0,75.0,105.0,915.0
121,2016,9,Ciudad de México,Mujer,8,6.0,2.0,3.0,3.0,8.0,6.0,8.0,8.0,7.0,6.0,8.0,73.0
122,2016,9,Ciudad de México,No identificado,0,0.0,0.0,0.0,0.0,0.0,0.0,0.0,0.0,0.0,0.0,0.0,0.0
123,2016,10,Durango,Hombre,6,14.0,26.0,11.0,19.0,27.0,23.0,20.0,16.0,19.0,17.0,26.0,224.0
124,2016,10,Durango,Mujer,1,1.0,1.0,0.0,1.0,1.0,0.0,1.0,3.0,1.0,2.0,0.0,12.0
125,2016,10,Durango,No identificado,0,0.0,0.0,0.0,0.0,0.0,0.0,0.0,0.0,0.0,0.0,0.0,0.0
126,2016,11,Guanajuato,Hombre,57,63.0,76.0,77.0,93.0,85.0,91.0,93.0,95.0,94.0,86.0,83.0,993.0
127,2016,11,Guanajuato,Mujer,7,6.0,5.0,6.0,9.0,17.0,8.0,12.0,9.0,9.0,10.0,5.0,103.0
128,2016,11,Guanajuato,No identificado,0,0.0,0.0,0.0,0.0,0.0,0.0,0.0,0.0,0.0,0.0,0.0,0.0
129,2016,12,Guerrero,Hombre,150,140.0,155.0,153.0,141.0,169.0,176.0,182.0,138.0,156.0,180.0,131.0,1871.0
130,2016,12,Guerrero,Mujer,16,19.0,33.0,25.0,24.0,26.0,39.0,35.0,32.0,22.0,32.0,38.0,341.0
131,2016,12,Guerrero,No identificado,0,1.0,0.0,0.0,0.0,0.0,0.0,0.0,0.0,0.0,0.0,0.0,1.0
132,2016,13,Hidalgo,Hombre,11,6.0,11.0,8.0,10.0,7.0,14.0,11.0,10.0,9.0,14.0,9.0,120.0
133,2016,13,Hidalgo,Mujer,3,3.0,2.0,4.0,4.0,3.0,3.0,5.0,1.0,0.0,5.0,3.0,36.0
134,2016,13,Hidalgo,No identificado,0,0.0,0.0,0.0,0.0,0.0,0.0,0.0,0.0,0.0,0.0,0.0,0.0
135,2016,14,Jalisco,Hombre,86,92.0,92.0,73.0,117.0,75.0,89.0,101.0,116.0,92.0,95.0,110.0,1138.0
136,2016,14,Jalisco,Mujer,4,12.0,6.0,7.0,5.0,9.0,7.0,9.0,9.0,3.0,8.0,5.0,84.0
137,2016,14,Jalisco,No identificado,1,3.0,2.0,3.0,1.0,0.0,1.0,0.0,2.0,1.0,0.0,0.0,14.0
138,2016,15,México,Hombre,167,141.0,174.0,155.0,198.0,164.0,164.0,158.0,161.0,159.0,148.0,165.0,1954.0
139,2016,15,México,Mujer,26,19.0,17.0,29.0,27.0,18.0,23.0,27.0,23.0,35.0,19.0,29.0,292.0
140,2016,15,México,No identificado,2,0.0,1.0,0.0,1.0,0.0,5.0,1.0,1.0,0.0,0.0,0.0,11.0
141,2016,16,Michoacán de Ocampo,Hombre,66,92.0,80.0,89.0,92.0,95.0,170.0,134.0,143.0,114.0,113.0,127.0,1315.0
142,2016,16,Michoacán de Ocampo,Mujer,9,3.0,10.0,8.0,6.0,7.0,9.0,9.0,15.0,11.0,5.0,6.0,98.0
143,2016,16,Michoacán de Ocampo,No identificado,1,2.0,4.0,4.0,5.0,1.0,5.0,4.0,4.0,1.0,0.0,5.0,36.0
144,2016,17,Morelos,Hombre,39,39.0,45.0,37.0,54.0,51.0,48.0,56.0,50.0,52.0,59.0,59.0,589.0
145,2016,17,Morelos,Mujer,7,2.0,6.0,2.0,5.0,10.0,6.0,3.0,4.0,3.0,2.0,8.0,58.0
146,2016,17,Morelos,No identificado,2,1.0,0.0,0.0,0.0,1.0,0.0,0.0,3.0,0.0,0.0,2.0,9.0
147,2016,18,Nayarit,Hombre,4,2.0,1.0,2.0,0.0,1.0,1.0,6.0,4.0,4.0,3.0,1.0,29.0
148,2016,18,Nayarit,Mujer,0,2.0,2.0,0.0,2.0,1.0,0.0,3.0,0.0,2.0,2.0,0.0,14.0
149,2016,18,Nayarit,No identificado,0,0.0,0.0,0.0,0.0,0.0,0.0,0.0,0.0,0.0,0.0,0.0,0.0
150,2016,19,Nuevo León,Hombre,42,83.0,33.0,39.0,52.0,41.0,57.0,39.0,53.0,51.0,34.0,31.0,555.0
151,2016,19,Nuevo León,Mujer,6,6.0,6.0,7.0,9.0,4.0,8.0,12.0,12.0,6.0,5.0,5.0,86.0
152,2016,19,Nuevo León,No identificado,0,0.0,0.0,0.0,0.0,0.0,0.0,0.0,0.0,0.0,0.0,0.0,0.0
153,2016,20,Oaxaca,Hombre,53,48.0,71.0,60.0,61.0,71.0,84.0,89.0,86.0,0.0,101.0,78.0,802.0
154,2016,20,Oaxaca,Mujer,0,0.0,0.0,0.0,1.0,0.0,3.0,6.0,8.0,0.0,0.0,9.0,27.0
155,2016,20,Oaxaca,No identificado,3,0.0,0.0,2.0,2.0,0.0,3.0,0.0,3.0,0.0,0.0,5.0,18.0
156,2016,21,Puebla,Hombre,35,41.0,45.0,67.0,56.0,52.0,56.0,51.0,58.0,44.0,35.0,22.0,562.0
157,2016,21,Puebla,Mujer,10,8.0,9.0,11.0,6.0,15.0,1.0,11.0,6.0,4.0,5.0,1.0,87.0
158,2016,21,Puebla,No identificado,0,0.0,9.0,0.0,0.0,0.0,0.0,0.0,0.0,0.0,0.0,0.0,9.0
159,2016,22,Querétaro,Hombre,10,8.0,12.0,8.0,13.0,6.0,7.0,5.0,15.0,8.0,11.0,8.0,111.0
160,2016,22,Querétaro,Mujer,2,1.0,1.0,1.0,1.0,1.0,0.0,1.0,0.0,1.0,1.0,0.0,10.0
161,2016,22,Querétaro,No identificado,0,0.0,0.0,0.0,0.0,0.0,0.0,0.0,0.0,0.0,0.0,0.0,0.0
162,2016,23,Quintana Roo,Hombre,5,3.0,4.0,11.0,8.0,2.0,8.0,15.0,8.0,14.0,12.0,2.0,92.0
163,2016,23,Quintana Roo,Mujer,2,4.0,1.0,2.0,0.0,0.0,3.0,1.0,8.0,2.0,1.0,1.0,25.0
164,2016,23,Quintana Roo,No identificado,1,5.0,3.0,1.0,3.0,10.0,2.0,7.0,2.0,2.0,5.0,7.0,48.0
165,2016,24,San Luis Potosí,Hombre,15,16.0,11.0,18.0,33.0,32.0,22.0,29.0,21.0,44.0,26.0,26.0,293.0
166,2016,24,San Luis Potosí,Mujer,5,1.0,2.0,2.0,4.0,3.0,1.0,1.0,3.0,2.0,6.0,2.0,32.0
167,2016,24,San Luis Potosí,No identificado,2,0.0,0.0,0.0,0.0,0.0,1.0,0.0,0.0,2.0,1.0,2.0,8.0
168,2016,25,Sinaloa,Hombre,71,102.0,51.0,78.0,96.0,87.0,79.0,107.0,126.0,89.0,101.0,95.0,1082.0
169,2016,25,Sinaloa,Mujer,6,8.0,1.0,5.0,2.0,7.0,2.0,0.0,0.0,0.0,0.0,0.0,31.0
170,2016,25,Sinaloa,No identificado,0,0.0,0.0,0.0,1.0,0.0,0.0,0.0,0.0,0.0,0.0,2.0,3.0
171,2016,26,Sonora,Hombre,39,73.0,48.0,32.0,39.0,44.0,57.0,53.0,50.0,42.0,44.0,47.0,568.0
172,2016,26,Sonora,Mujer,2,6.0,3.0,3.0,3.0,5.0,1.0,4.0,1.0,5.0,2.0,3.0,38.0
173,2016,26,Sonora,No identificado,13,1.0,5.0,0.0,4.0,0.0,0.0,0.0,0.0,0.0,0.0,1.0,24.0
174,2016,27,Tabasco,Hombre,6,19.0,21.0,16.0,22.0,17.0,20.0,15.0,22.0,25.0,34.0,35.0,252.0
175,2016,27,Tabasco,Mujer,2,0.0,2.0,1.0,2.0,0.0,2.0,1.0,0.0,0.0,0.0,4.0,14.0
176,2016,27,Tabasco,No identificado,3,0.0,3.0,1.0,2.0,0.0,0.0,5.0,0.0,3.0,0.0,0.0,17.0
177,2016,28,Tamaulipas,Hombre,40,46.0,85.0,67.0,46.0,61.0,76.0,51.0,78.0,62.0,46.0,48.0,706.0
178,2016,28,Tamaulipas,Mujer,3,3.0,12.0,12.0,11.0,12.0,20.0,8.0,11.0,14.0,19.0,10.0,135.0
179,2016,28,Tamaulipas,No identificado,0,1.0,0.0,0.0,0.0,0.0,10.0,0.0,0.0,0.0,0.0,0.0,11.0
180,2016,29,Tlaxcala,Hombre,4,3.0,6.0,6.0,3.0,4.0,6.0,11.0,7.0,5.0,6.0,5.0,66.0
181,2016,29,Tlaxcala,Mujer,1,1.0,2.0,1.0,1.0,1.0,1.0,0.0,1.0,0.0,2.0,1.0,12.0
182,2016,29,Tlaxcala,No identificado,1,2.0,1.0,0.0,1.0,0.0,0.0,0.0,0.0,0.0,0.0,0.0,5.0
183,2016,30,Veracruz de Ignacio de la Llave,Hombre,62,48.0,54.0,43.0,75.0,77.0,138.0,186.0,139.0,164.0,130.0,131.0,1247.0
184,2016,30,Veracruz de Ignacio de la Llave,Mujer,4,1.0,12.0,5.0,10.0,7.0,15.0,15.0,5.0,18.0,10.0,7.0,109.0
185,2016,30,Veracruz de Ignacio de la Llave,No identificado,15,2.0,12.0,6.0,8.0,10.0,11.0,23.0,6.0,9.0,1.0,3.0,106.0
186,2016,31,Yucatán,Hombre,1,8.0,3.0,1.0,3.0,3.0,3.0,5.0,3.0,5.0,6.0,1.0,42.0
187,2016,31,Yucatán,Mujer,1,1.0,0.0,0.0,2.0,0.0,0.0,1.0,1.0,1.0,0.0,1.0,8.0
188,2016,31,Yucatán,No identificado,0,0.0,0.0,0.0,0.0,0.0,0.0,0.0,0.0,0.0,0.0,0.0,0.0
189,2016,32,Zacatecas,Hombre,32,39.0,44.0,29.0,38.0,46.0,41.0,57.0,53.0,35.0,34.0,45.0,493.0
190,2016,32,Zacatecas,Mujer,2,3.0,8.0,3.0,2.0,1.0,5.0,6.0,3.0,6.0,11.0,8.0,58.0
191,2016,32,Zacatecas,No identificado,0,0.0,0.0,0.0,0.0,0.0,0.0,0.0,0.0,1.0,0.0,0.0,1.0
192,2017,1,Aguascalientes,Hombre,5,2.0,4.0,5.0,8.0,12.0,1.0,8.0,10.0,8.0,5.0,6.0,74.0
193,2017,1,Aguascalientes,Mujer,0,0.0,0.0,1.0,2.0,1.0,2.0,2.0,0.0,1.0,0.0,0.0,9.0
194,2017,1,Aguascalientes,No identificado,0,0.0,0.0,0.0,0.0,0.0,0.0,0.0,0.0,0.0,0.0,0.0,0.0
195,2017,2,Baja California,Hombre,127,125.0,153.0,147.0,182.0,180.0,173.0,182.0,230.0,207.0,191.0,181.0,2078.0
196,2017,2,Baja California,Mujer,10,11.0,17.0,6.0,15.0,30.0,15.0,26.0,26.0,24.0,9.0,15.0,204.0
197,2017,2,Baja California,No identificado,2,1.0,1.0,1.0,0.0,3.0,1.0,3.0,10.0,1.0,0.0,7.0,30.0
198,2017,3,Baja California Sur,Hombre,51,51.0,69.0,14.0,32.0,35.0,35.0,41.0,51.0,118.0,97.0,82.0,676.0
199,2017,3,Baja California Sur,Mujer,10,5.0,10.0,0.0,5.0,3.0,6.0,3.0,7.0,19.0,17.0,6.0,91.0
200,2017,3,Baja California Sur,No identificado,0,0.0,0.0,0.0,0.0,0.0,7.0,5.0,3.0,6.0,0.0,0.0,21.0
201,2017,4,Campeche,Hombre,7,6.0,6.0,5.0,5.0,9.0,3.0,6.0,6.0,3.0,4.0,4.0,64.0
202,2017,4,Campeche,Mujer,0,0.0,2.0,1.0,0.0,0.0,0.0,3.0,0.0,0.0,0.0,0.0,6.0
203,2017,4,Campeche,No identificado,0,0.0,0.0,0.0,0.0,0.0,0.0,0.0,0.0,0.0,0.0,0.0,0.0
204,2017,5,Coahuila de Zaragoza,Hombre,19,21.0,15.0,21.0,20.0,21.0,22.0,7.0,20.0,16.0,16.0,16.0,214.0
205,2017,5,Coahuila de Zaragoza,Mujer,2,2.0,4.0,3.0,5.0,3.0,4.0,0.0,1.0,0.0,3.0,1.0,28.0
206,2017,5,Coahuila de Zaragoza,No identificado,0,0.0,0.0,0.0,0.0,0.0,0.0,0.0,0.0,0.0,0.0,0.0,0.0
207,2017,6,Colima,Hombre,70,26.0,44.0,30.0,58.0,88.0,85.0,53.0,46.0,63.0,61.0,77.0,701.0
208,2017,6,Colima,Mujer,4,2.0,7.0,3.0,3.0,11.0,9.0,7.0,5.0,8.0,9.0,1.0,69.0
209,2017,6,Colima,No identificado,13,13.0,4.0,4.0,0.0,0.0,2.0,0.0,0.0,0.0,0.0,7.0,43.0
210,2017,7,Chiapas,Hombre,46,44.0,42.0,45.0,33.0,44.0,33.0,37.0,37.0,35.0,37.0,34.0,467.0
211,2017,7,Chiapas,Mujer,2,4.0,2.0,2.0,5.0,5.0,3.0,7.0,4.0,2.0,2.0,2.0,40.0
212,2017,7,Chiapas,No identificado,0,3.0,0.0,0.0,0.0,1.0,0.0,0.0,0.0,0.0,0.0,0.0,4.0
213,2017,8,Chihuahua,Hombre,138,160.0,129.0,107.0,143.0,196.0,128.0,123.0,177.0,159.0,150.0,180.0,1790.0
214,2017,8,Chihuahua,Mujer,14,15.0,18.0,13.0,15.0,24.0,16.0,26.0,19.0,20.0,10.0,20.0,210.0
215,2017,8,Chihuahua,No identificado,0,0.0,0.0,0.0,0.0,0.0,0.0,0.0,0.0,0.0,0.0,0.0,0.0
216,2017,9,Ciudad de México,Hombre,100,69.0,68.0,89.0,101.0,98.0,76.0,90.0,97.0,97.0,83.0,87.0,1055.0
217,2017,9,Ciudad de México,Mujer,4,6.0,7.0,11.0,9.0,8.0,9.0,8.0,9.0,7.0,11.0,9.0,98.0
218,2017,9,Ciudad de México,No identificado,0,0.0,0.0,0.0,0.0,0.0,0.0,0.0,0.0,0.0,0.0,0.0,0.0
219,2017,10,Durango,Hombre,13,17.0,12.0,18.0,18.0,16.0,13.0,25.0,13.0,15.0,17.0,21.0,198.0
220,2017,10,Durango,Mujer,2,1.0,4.0,3.0,1.0,1.0,0.0,0.0,1.0,0.0,2.0,1.0,16.0
221,2017,10,Durango,No identificado,0,0.0,2.0,0.0,0.0,0.0,0.0,0.0,0.0,0.0,0.0,0.0,2.0
222,2017,11,Guanajuato,Hombre,97,113.0,88.0,116.0,111.0,112.0,108.0,103.0,95.0,115.0,106.0,99.0,1263.0
223,2017,11,Guanajuato,Mujer,6,9.0,9.0,17.0,9.0,11.0,17.0,16.0,11.0,14.0,17.0,23.0,159.0
224,2017,11,Guanajuato,No identificado,0,0.0,0.0,0.0,0.0,0.0,0.0,0.0,0.0,0.0,1.0,0.0,1.0
225,2017,12,Guerrero,Hombre,154,159.0,192.0,170.0,189.0,178.0,228.0,217.0,208.0,218.0,184.0,214.0,2311.0
226,2017,12,Guerrero,Mujer,11,15.0,17.0,17.0,25.0,27.0,22.0,15.0,7.0,8.0,21.0,26.0,211.0
227,2017,12,Guerrero,No identificado,0,0.0,0.0,0.0,0.0,0.0,0.0,0.0,0.0,0.0,0.0,0.0,0.0
228,2017,13,Hidalgo,Hombre,29,14.0,16.0,14.0,14.0,12.0,9.0,26.0,14.0,12.0,12.0,12.0,184.0
229,2017,13,Hidalgo,Mujer,0,0.0,1.0,1.0,1.0,0.0,9.0,1.0,2.0,1.0,2.0,6.0,24.0
230,2017,13,Hidalgo,No identificado,1,0.0,0.0,0.0,0.0,0.0,1.0,0.0,0.0,1.0,2.0,1.0,6.0
231,2017,14,Jalisco,Hombre,103,104.0,104.0,107.0,118.0,118.0,108.0,137.0,104.0,140.0,139.0,134.0,1416.0
232,2017,14,Jalisco,Mujer,9,9.0,8.0,10.0,10.0,11.0,7.0,10.0,12.0,9.0,8.0,8.0,111.0
233,2017,14,Jalisco,No identificado,0,0.0,5.0,6.0,5.0,1.0,2.0,1.0,1.0,0.0,3.0,4.0,28.0
234,2017,15,México,Hombre,161,149.0,162.0,181.0,199.0,179.0,164.0,138.0,178.0,200.0,169.0,176.0,2056.0
235,2017,15,México,Mujer,21,22.0,28.0,21.0,25.0,17.0,20.0,27.0,20.0,29.0,30.0,32.0,292.0
236,2017,15,México,No identificado,0,0.0,5.0,0.0,0.0,0.0,1.0,2.0,2.0,0.0,2.0,0.0,12.0
237,2017,16,Michoacán de Ocampo,Hombre,115,125.0,112.0,105.0,89.0,79.0,93.0,95.0,106.0,137.0,141.0,160.0,1357.0
238,2017,16,Michoacán de Ocampo,Mujer,12,6.0,3.0,7.0,6.0,11.0,7.0,13.0,12.0,14.0,10.0,11.0,112.0
239,2017,16,Michoacán de Ocampo,No identificado,0,2.0,0.0,0.0,0.0,0.0,1.0,1.0,6.0,2.0,0.0,0.0,12.0
240,2017,17,Morelos,Hombre,59,55.0,59.0,57.0,48.0,42.0,44.0,46.0,57.0,34.0,38.0,36.0,575.0
241,2017,17,Morelos,Mujer,3,5.0,0.0,3.0,2.0,3.0,3.0,5.0,3.0,1.0,4.0,7.0,39.0
242,2017,17,Morelos,No identificado,0,0.0,0.0,0.0,0.0,0.0,0.0,1.0,0.0,0.0,3.0,4.0,8.0
243,2017,18,Nayarit,Hombre,4,21.0,8.0,5.0,8.0,12.0,15.0,32.0,39.0,53.0,53.0,58.0,308.0
244,2017,18,Nayarit,Mujer,0,3.0,1.0,2.0,2.0,4.0,1.0,3.0,7.0,0.0,12.0,5.0,40.0
245,2017,18,Nayarit,No identificado,0,0.0,0.0,0.0,0.0,0.0,0.0,0.0,0.0,0.0,1.0,0.0,1.0
246,2017,19,Nuevo León,Hombre,40,42.0,55.0,50.0,65.0,63.0,42.0,37.0,48.0,61.0,49.0,36.0,588.0
247,2017,19,Nuevo León,Mujer,4,4.0,5.0,4.0,8.0,0.0,0.0,0.0,0.0,0.0,0.0,0.0,25.0
248,2017,19,Nuevo León,No identificado,0,0.0,0.0,0.0,0.0,0.0,0.0,0.0,0.0,0.0,0.0,0.0,0.0
249,2017,20,Oaxaca,Hombre,74,59.0,65.0,108.0,67.0,72.0,73.0,74.0,72.0,70.0,66.0,62.0,862.0
250,2017,20,Oaxaca,Mujer,1,1.0,4.0,4.0,3.0,10.0,1.0,0.0,1.0,8.0,17.0,7.0,57.0
251,2017,20,Oaxaca,No identificado,0,5.0,0.0,4.0,3.0,3.0,8.0,7.0,0.0,4.0,3.0,5.0,42.0
252,2017,21,Puebla,Hombre,53,48.0,72.0,68.0,81.0,60.0,108.0,73.0,92.0,95.0,98.0,67.0,915.0
253,2017,21,Puebla,Mujer,8,12.0,8.0,9.0,10.0,8.0,11.0,9.0,12.0,7.0,8.0,10.0,112.0
254,2017,21,Puebla,No identificado,0,0.0,0.0,0.0,0.0,0.0,0.0,0.0,0.0,0.0,0.0,0.0,0.0
255,2017,22,Querétaro,Hombre,11,11.0,13.0,17.0,8.0,18.0,12.0,20.0,15.0,12.0,7.0,14.0,158.0
256,2017,22,Querétaro,Mujer,0,1.0,2.0,4.0,1.0,5.0,1.0,7.0,4.0,3.0,3.0,2.0,33.0
257,2017,22,Querétaro,No identificado,2,0.0,0.0,0.0,0.0,0.0,0.0,0.0,0.0,0.0,0.0,0.0,2.0
258,2017,23,Quintana Roo,Hombre,12,12.0,9.0,8.0,20.0,19.0,30.0,27.0,22.0,40.0,31.0,27.0,257.0
259,2017,23,Quintana Roo,Mujer,1,0.0,0.0,3.0,4.0,10.0,2.0,2.0,3.0,4.0,1.0,2.0,32.0
260,2017,23,Quintana Roo,No identificado,0,5.0,11.0,13.0,2.0,5.0,3.0,9.0,7.0,4.0,3.0,8.0,70.0
261,2017,24,San Luis Potosí,Hombre,37,36.0,27.0,23.0,41.0,42.0,43.0,47.0,45.0,43.0,31.0,48.0,463.0
262,2017,24,San Luis Potosí,Mujer,0,1.0,3.0,1.0,3.0,2.0,5.0,5.0,5.0,0.0,4.0,2.0,31.0
263,2017,24,San Luis Potosí,No identificado,0,0.0,0.0,0.0,0.0,7.0,0.0,1.0,3.0,0.0,0.0,0.0,11.0
264,2017,25,Sinaloa,Hombre,113,116.0,134.0,145.0,173.0,155.0,137.0,121.0,92.0,90.0,103.0,94.0,1473.0
265,2017,25,Sinaloa,Mujer,0,0.0,0.0,0.0,0.0,0.0,0.0,0.0,0.0,0.0,0.0,0.0,0.0
266,2017,25,Sinaloa,No identificado,0,0.0,0.0,0.0,0.0,0.0,0.0,0.0,0.0,0.0,0.0,0.0,0.0
267,2017,26,Sonora,Hombre,64,45.0,45.0,65.0,60.0,57.0,45.0,51.0,61.0,59.0,75.0,52.0,679.0
268,2017,26,Sonora,Mujer,1,3.0,1.0,2.0,0.0,2.0,9.0,5.0,3.0,5.0,4.0,2.0,37.0
269,2017,26,Sonora,No identificado,0,0.0,2.0,0.0,0.0,7.0,0.0,0.0,0.0,1.0,1.0,0.0,11.0
270,2017,27,Tabasco,Hombre,26,34.0,25.0,26.0,33.0,25.0,31.0,36.0,29.0,34.0,31.0,45.0,375.0
271,2017,27,Tabasco,Mujer,2,1.0,2.0,1.0,1.0,2.0,4.0,0.0,3.0,3.0,4.0,1.0,24.0
272,2017,27,Tabasco,No identificado,0,0.0,0.0,0.0,3.0,0.0,0.0,0.0,0.0,0.0,0.0,0.0,3.0
273,2017,28,Tamaulipas,Hombre,54,44.0,26.0,49.0,86.0,93.0,67.0,82.0,97.0,111.0,109.0,80.0,898.0
274,2017,28,Tamaulipas,Mujer,3,10.0,22.0,8.0,16.0,10.0,21.0,10.0,13.0,14.0,7.0,11.0,145.0
275,2017,28,Tamaulipas,No identificado,0,0.0,0.0,0.0,0.0,4.0,0.0,1.0,0.0,4.0,1.0,0.0,10.0
276,2017,29,Tlaxcala,Hombre,3,7.0,10.0,6.0,6.0,9.0,7.0,9.0,9.0,7.0,9.0,15.0,97.0
277,2017,29,Tlaxcala,Mujer,2,2.0,1.0,4.0,3.0,1.0,0.0,2.0,1.0,1.0,1.0,1.0,19.0
278,2017,29,Tlaxcala,No identificado,2,1.0,1.0,0.0,0.0,0.0,1.0,0.0,1.0,0.0,0.0,0.0,6.0
279,2017,30,Veracruz de Ignacio de la Llave,Hombre,113,124.0,153.0,121.0,129.0,148.0,156.0,155.0,159.0,193.0,153.0,169.0,1773.0
280,2017,30,Veracruz de Ignacio de la Llave,Mujer,8,12.0,5.0,12.0,12.0,23.0,9.0,13.0,16.0,9.0,11.0,8.0,138.0
281,2017,30,Veracruz de Ignacio de la Llave,No identificado,9,5.0,16.0,9.0,12.0,5.0,5.0,9.0,9.0,3.0,9.0,6.0,97.0
282,2017,31,Yucatán,Hombre,7,6.0,3.0,4.0,2.0,1.0,2.0,5.0,2.0,0.0,1.0,2.0,35.0
283,2017,31,Yucatán,Mujer,0,0.0,0.0,0.0,0.0,0.0,1.0,1.0,0.0,0.0,1.0,0.0,3.0
284,2017,31,Yucatán,No identificado,0,0.0,0.0,0.0,0.0,0.0,0.0,0.0,0.0,0.0,0.0,0.0,0.0
285,2017,32,Zacatecas,Hombre,53,33.0,41.0,5.0,40.0,30.0,58.0,77.0,59.0,72.0,41.0,29.0,538.0
286,2017,32,Zacatecas,Mujer,9,1.0,3.0,43.0,7.0,3.0,7.0,17.0,9.0,8.0,7.0,6.0,120.0
287,2017,32,Zacatecas,No identificado,0,1.0,0.0,0.0,1.0,2.0,0.0,7.0,0.0,2.0,0.0,4.0,17.0
288,2018,1,Aguascalientes,Hombre,9,6.0,4.0,8.0,9.0,6.0,5.0,5.0,10.0,2.0,5.0,4.0,73.0
289,2018,1,Aguascalientes,Mujer,0,1.0,1.0,0.0,0.0,0.0,0.0,0.0,1.0,1.0,0.0,0.0,4.0
290,2018,1,Aguascalientes,No identificado,0,0.0,0.0,0.0,0.0,0.0,0.0,0.0,0.0,0.0,0.0,0.0,0.0
291,2018,2,Baja California,Hombre,214,191.0,209.0,241.0,240.0,220.0,273.0,240.0,228.0,247.0,251.0,244.0,2798.0
292,2018,2,Baja California,Mujer,25,21.0,20.0,20.0,26.0,21.0,22.0,25.0,28.0,20.0,28.0,22.0,278.0
293,2018,2,Baja California,No identificado,1,3.0,1.0,8.0,3.0,5.0,5.0,8.0,9.0,7.0,6.0,0.0,56.0
294,2018,3,Baja California Sur,Hombre,39,15.0,19.0,15.0,12.0,4.0,5.0,14.0,23.0,4.0,4.0,4.0,158.0
295,2018,3,Baja California Sur,Mujer,5,3.0,7.0,0.0,3.0,2.0,1.0,0.0,1.0,3.0,0.0,0.0,25.0
296,2018,3,Baja California Sur,No identificado,1,0.0,0.0,0.0,0.0,0.0,0.0,1.0,0.0,0.0,0.0,0.0,2.0
297,2018,4,Campeche,Hombre,3,6.0,2.0,2.0,4.0,10.0,7.0,7.0,3.0,5.0,7.0,7.0,63.0
298,2018,4,Campeche,Mujer,1,1.0,0.0,1.0,0.0,0.0,0.0,2.0,2.0,1.0,1.0,0.0,9.0
299,2018,4,Campeche,No identificado,0,0.0,0.0,0.0,0.0,0.0,0.0,0.0,0.0,0.0,0.0,0.0,0.0
300,2018,5,Coahuila de Zaragoza,Hombre,28,14.0,16.0,18.0,21.0,20.0,18.0,18.0,23.0,12.0,17.0,25.0,230.0
301,2018,5,Coahuila de Zaragoza,Mujer,0,1.0,1.0,1.0,1.0,4.0,0.0,0.0,0.0,2.0,4.0,0.0,14.0
302,2018,5,Coahuila de Zaragoza,No identificado,0,0.0,0.0,0.0,0.0,0.0,0.0,0.0,0.0,0.0,0.0,0.0,0.0
303,2018,6,Colima,Hombre,64,57.0,51.0,47.0,55.0,53.0,41.0,49.0,55.0,67.0,53.0,47.0,639.0
304,2018,6,Colima,Mujer,6,3.0,10.0,3.0,2.0,8.0,3.0,5.0,4.0,11.0,5.0,7.0,67.0
305,2018,6,Colima,No identificado,0,0.0,0.0,2.0,0.0,0.0,0.0,0.0,0.0,0.0,0.0,0.0,2.0
306,2018,7,Chiapas,Hombre,43,46.0,54.0,54.0,53.0,40.0,54.0,43.0,50.0,43.0,41.0,39.0,560.0
307,2018,7,Chiapas,Mujer,1,2.0,0.0,2.0,4.0,2.0,5.0,7.0,6.0,1.0,3.0,2.0,35.0
308,2018,7,Chiapas,No identificado,0,0.0,0.0,0.0,0.0,1.0,0.0,0.0,0.0,0.0,0.0,0.0,1.0
309,2018,8,Chihuahua,Hombre,152,128.0,129.0,124.0,213.0,240.0,234.0,241.0,137.0,119.0,157.0,153.0,2027.0
310,2018,8,Chihuahua,Mujer,9,12.0,3.0,15.0,18.0,20.0,26.0,23.0,14.0,4.0,18.0,10.0,172.0
311,2018,8,Chihuahua,No identificado,0,0.0,0.0,0.0,0.0,0.0,0.0,0.0,0.0,0.0,0.0,0.0,0.0
312,2018,9,Ciudad de México,Hombre,73,125.0,124.0,129.0,125.0,122.0,137.0,107.0,112.0,113.0,102.0,159.0,1428.0
313,2018,9,Ciudad de México,Mujer,4,16.0,8.0,4.0,11.0,20.0,4.0,14.0,14.0,11.0,14.0,20.0,140.0
314,2018,9,Ciudad de México,No identificado,2,6.0,0.0,6.0,3.0,3.0,2.0,3.0,2.0,2.0,0.0,0.0,29.0
315,2018,10,Durango,Hombre,10,15.0,16.0,6.0,16.0,21.0,15.0,13.0,10.0,13.0,15.0,15.0,165.0
316,2018,10,Durango,Mujer,2,3.0,0.0,1.0,2.0,1.0,2.0,1.0,1.0,1.0,0.0,3.0,17.0
317,2018,10,Durango,No identificado,0,0.0,0.0,0.0,0.0,0.0,0.0,0.0,0.0,0.0,0.0,0.0,0.0
318,2018,11,Guanajuato,Hombre,214,190.0,252.0,242.0,272.0,235.0,247.0,278.0,304.0,245.0,230.0,275.0,2984.0
319,2018,11,Guanajuato,Mujer,23,19.0,43.0,21.0,26.0,29.0,22.0,22.0,30.0,27.0,16.0,27.0,305.0
320,2018,11,Guanajuato,No identificado,0,0.0,0.0,0.0,0.0,0.0,0.0,0.0,0.0,1.0,0.0,0.0,1.0
321,2018,12,Guerrero,Hombre,199,167.0,222.0,202.0,201.0,191.0,199.0,169.0,185.0,170.0,166.0,171.0,2242.0
322,2018,12,Guerrero,Mujer,29,21.0,14.0,29.0,21.0,12.0,22.0,21.0,15.0,15.0,12.0,16.0,227.0
323,2018,12,Guerrero,No identificado,0,0.0,0.0,0.0,0.0,0.0,0.0,0.0,1.0,0.0,0.0,0.0,1.0
324,2018,13,Hidalgo,Hombre,20,13.0,23.0,14.0,19.0,4.0,22.0,22.0,15.0,15.0,19.0,16.0,202.0
325,2018,13,Hidalgo,Mujer,5,1.0,0.0,1.0,1.0,2.0,4.0,2.0,6.0,0.0,3.0,3.0,28.0
326,2018,13,Hidalgo,No identificado,0,0.0,0.0,0.0,0.0,0.0,0.0,0.0,0.0,0.0,0.0,0.0,0.0
327,2018,14,Jalisco,Hombre,127,151.0,187.0,167.0,173.0,169.0,174.0,200.0,203.0,230.0,207.0,209.0,2197.0
328,2018,14,Jalisco,Mujer,6,9.0,16.0,14.0,15.0,14.0,18.0,24.0,19.0,21.0,22.0,26.0,204.0
329,2018,14,Jalisco,No identificado,0,1.0,0.0,0.0,0.0,0.0,2.0,1.0,5.0,5.0,1.0,1.0,16.0
330,2018,15,México,Hombre,197,160.0,166.0,175.0,189.0,189.0,227.0,182.0,200.0,222.0,208.0,234.0,2349.0
331,2018,15,México,Mujer,26,22.0,25.0,24.0,18.0,17.0,18.0,27.0,24.0,34.0,29.0,22.0,286.0
332,2018,15,México,No identificado,1,3.0,2.0,0.0,0.0,0.0,0.0,3.0,3.0,1.0,2.0,0.0,15.0
333,2018,16,Michoacán de Ocampo,Hombre,107,118.0,112.0,108.0,114.0,88.0,135.0,128.0,151.0,158.0,119.0,110.0,1448.0
334,2018,16,Michoacán de Ocampo,Mujer,9,10.0,15.0,12.0,16.0,14.0,13.0,9.0,14.0,16.0,8.0,16.0,152.0
335,2018,16,Michoacán de Ocampo,No identificado,1,0.0,0.0,1.0,0.0,3.0,1.0,1.0,1.0,1.0,5.0,9.0,23.0
336,2018,17,Morelos,Hombre,64,64.0,55.0,49.0,53.0,42.0,81.0,45.0,68.0,65.0,68.0,72.0,726.0
337,2018,17,Morelos,Mujer,2,5.0,5.0,4.0,8.0,3.0,3.0,3.0,8.0,4.0,3.0,6.0,54.0
338,2018,17,Morelos,No identificado,0,0.0,0.0,0.0,0.0,0.0,0.0,0.0,0.0,1.0,1.0,1.0,3.0
339,2018,18,Nayarit,Hombre,44,26.0,48.0,40.0,31.0,32.0,23.0,23.0,27.0,21.0,12.0,11.0,338.0
340,2018,18,Nayarit,Mujer,3,2.0,10.0,4.0,1.0,4.0,3.0,4.0,4.0,3.0,3.0,4.0,45.0
341,2018,18,Nayarit,No identificado,4,0.0,4.0,1.0,2.0,1.0,1.0,2.0,1.0,0.0,0.0,0.0,16.0
342,2018,19,Nuevo León,Hombre,45,44.0,40.0,56.0,58.0,34.0,68.0,58.0,72.0,83.0,81.0,93.0,732.0
343,2018,19,Nuevo León,Mujer,0,0.0,0.0,5.0,0.0,0.0,2.0,2.0,2.0,0.0,2.0,1.0,14.0
344,2018,19,Nuevo León,No identificado,0,0.0,0.0,0.0,0.0,0.0,0.0,0.0,0.0,0.0,0.0,0.0,0.0
345,2018,20,Oaxaca,Hombre,70,98.0,98.0,107.0,96.0,90.0,85.0,84.0,79.0,79.0,92.0,67.0,1045.0
346,2018,20,Oaxaca,Mujer,4,5.0,11.0,9.0,12.0,11.0,5.0,12.0,6.0,5.0,9.0,7.0,96.0
347,2018,20,Oaxaca,No identificado,1,5.0,2.0,6.0,5.0,3.0,2.0,0.0,0.0,2.0,2.0,3.0,31.0
348,2018,21,Puebla,Hombre,80,95.0,98.0,112.0,96.0,90.0,108.0,103.0,95.0,91.0,103.0,98.0,1169.0
349,2018,21,Puebla,Mujer,10,10.0,6.0,11.0,12.0,9.0,9.0,10.0,5.0,10.0,9.0,7.0,108.0
350,2018,21,Puebla,No identificado,0,0.0,0.0,0.0,0.0,0.0,0.0,0.0,0.0,0.0,0.0,0.0,0.0
351,2018,22,Querétaro,Hombre,13,10.0,15.0,11.0,15.0,15.0,14.0,20.0,23.0,6.0,17.0,22.0,181.0
352,2018,22,Querétaro,Mujer,4,0.0,2.0,3.0,0.0,1.0,1.0,2.0,2.0,2.0,0.0,5.0,22.0
353,2018,22,Querétaro,No identificado,0,0.0,0.0,2.0,0.0,0.0,0.0,0.0,0.0,0.0,0.0,0.0,2.0
354,2018,23,Quintana Roo,Hombre,28,23.0,38.0,46.0,55.0,46.0,71.0,72.0,62.0,37.0,38.0,40.0,556.0
355,2018,23,Quintana Roo,Mujer,0,2.0,0.0,4.0,5.0,4.0,8.0,6.0,5.0,1.0,7.0,16.0,58.0
356,2018,23,Quintana Roo,No identificado,12,8.0,6.0,13.0,12.0,9.0,16.0,9.0,15.0,23.0,18.0,19.0,160.0
357,2018,24,San Luis Potosí,Hombre,34,39.0,38.0,45.0,44.0,46.0,43.0,51.0,37.0,37.0,32.0,35.0,481.0
358,2018,24,San Luis Potosí,Mujer,6,4.0,2.0,1.0,7.0,1.0,1.0,2.0,1.0,1.0,1.0,0.0,27.0
359,2018,24,San Luis Potosí,No identificado,2,4.0,8.0,3.0,1.0,0.0,0.0,0.0,0.0,0.0,1.0,0.0,19.0
360,2018,25,Sinaloa,Hombre,87,68.0,91.0,111.0,92.0,123.0,82.0,93.0,81.0,106.0,66.0,72.0,1072.0
361,2018,25,Sinaloa,Mujer,0,0.0,0.0,0.0,0.0,0.0,0.0,0.0,0.0,0.0,0.0,0.0,0.0
362,2018,25,Sinaloa,No identificado,0,0.0,0.0,0.0,0.0,0.0,0.0,0.0,0.0,0.0,0.0,0.0,0.0
363,2018,26,Sonora,Hombre,44,43.0,60.0,57.0,57.0,62.0,91.0,81.0,113.0,76.0,63.0,69.0,816.0
364,2018,26,Sonora,Mujer,3,1.0,0.0,6.0,1.0,2.0,2.0,3.0,1.0,8.0,3.0,3.0,33.0
365,2018,26,Sonora,No identificado,1,0.0,0.0,0.0,0.0,0.0,1.0,1.0,0.0,1.0,2.0,2.0,8.0
366,2018,27,Tabasco,Hombre,35,33.0,23.0,36.0,49.0,53.0,74.0,40.0,37.0,40.0,46.0,44.0,510.0
367,2018,27,Tabasco,Mujer,0,1.0,1.0,1.0,4.0,1.0,6.0,0.0,2.0,2.0,1.0,6.0,25.0
368,2018,27,Tabasco,No identificado,0,1.0,8.0,1.0,1.0,8.0,4.0,7.0,0.0,1.0,0.0,4.0,35.0
369,2018,28,Tamaulipas,Hombre,83,74.0,103.0,94.0,94.0,63.0,87.0,75.0,72.0,56.0,61.0,76.0,938.0
370,2018,28,Tamaulipas,Mujer,7,7.0,19.0,6.0,16.0,11.0,7.0,8.0,10.0,3.0,6.0,10.0,110.0
371,2018,28,Tamaulipas,No identificado,3,4.0,1.0,4.0,9.0,8.0,1.0,1.0,5.0,7.0,2.0,1.0,46.0
372,2018,29,Tlaxcala,Hombre,12,13.0,9.0,9.0,10.0,6.0,12.0,9.0,8.0,11.0,4.0,7.0,110.0
373,2018,29,Tlaxcala,Mujer,4,3.0,0.0,2.0,1.0,0.0,0.0,2.0,2.0,1.0,1.0,1.0,17.0
374,2018,29,Tlaxcala,No identificado,0,0.0,0.0,0.0,3.0,0.0,0.0,1.0,2.0,0.0,0.0,0.0,6.0
375,2018,30,Veracruz de Ignacio de la Llave,Hombre,155,124.0,156.0,134.0,133.0,137.0,118.0,129.0,121.0,119.0,100.0,119.0,1545.0
376,2018,30,Veracruz de Ignacio de la Llave,Mujer,9,9.0,11.0,9.0,11.0,8.0,6.0,7.0,20.0,8.0,10.0,4.0,112.0
377,2018,30,Veracruz de Ignacio de la Llave,No identificado,3,8.0,7.0,7.0,4.0,3.0,2.0,4.0,3.0,11.0,13.0,0.0,65.0
378,2018,31,Yucatán,Hombre,2,4.0,1.0,8.0,3.0,1.0,11.0,6.0,2.0,4.0,2.0,3.0,47.0
379,2018,31,Yucatán,Mujer,0,0.0,0.0,0.0,0.0,0.0,0.0,0.0,0.0,1.0,0.0,0.0,1.0
380,2018,31,Yucatán,No identificado,0,0.0,0.0,0.0,0.0,0.0,0.0,0.0,0.0,0.0,0.0,0.0,0.0
381,2018,32,Zacatecas,Hombre,32,44.0,48.0,40.0,42.0,38.0,52.0,56.0,56.0,60.0,69.0,54.0,591.0
382,2018,32,Zacatecas,Mujer,6,3.0,6.0,1.0,6.0,12.0,9.0,4.0,9.0,3.0,0.0,15.0,74.0
383,2018,32,Zacatecas,No identificado,0,1.0,5.0,0.0,0.0,1.0,2.0,0.0,1.0,9.0,2.0,0.0,21.0
384,2019,1,Aguascalientes,Hombre,7,5.0,10.0,6.0,9.0,8.0,6.0,2.0,11.0,14.0,8.0,8.0,94.0
385,2019,1,Aguascalientes,Mujer,2,4.0,0.0,0.0,0.0,0.0,0.0,0.0,0.0,1.0,0.0,0.0,7.0
386,2019,1,Aguascalientes,No identificado,0,0.0,0.0,0.0,1.0,0.0,0.0,0.0,0.0,0.0,0.0,0.0,1.0
387,2019,2,Baja California,Hombre,235,172.0,176.0,195.0,227.0,255.0,264.0,250.0,212.0,195.0,208.0,173.0,2562.0
388,2019,2,Baja California,Mujer,20,14.0,13.0,17.0,20.0,16.0,28.0,20.0,24.0,28.0,17.0,22.0,239.0
389,2019,2,Baja California,No identificado,7,9.0,3.0,6.0,4.0,4.0,0.0,4.0,2.0,15.0,6.0,4.0,64.0
390,2019,3,Baja California Sur,Hombre,13,4.0,10.0,7.0,6.0,3.0,5.0,4.0,5.0,6.0,4.0,2.0,69.0
391,2019,3,Baja California Sur,Mujer,1,1.0,4.0,2.0,0.0,0.0,0.0,2.0,1.0,1.0,1.0,0.0,13.0
392,2019,3,Baja California Sur,No identificado,0,0.0,0.0,0.0,0.0,0.0,0.0,2.0,0.0,0.0,0.0,0.0,2.0
393,2019,4,Campeche,Hombre,3,5.0,2.0,4.0,10.0,5.0,6.0,11.0,6.0,11.0,4.0,6.0,73.0
394,2019,4,Campeche,Mujer,0,0.0,0.0,0.0,0.0,0.0,1.0,1.0,0.0,0.0,0.0,1.0,3.0
395,2019,4,Campeche,No identificado,0,0.0,0.0,0.0,0.0,0.0,0.0,0.0,0.0,0.0,0.0,0.0,0.0
396,2019,5,Coahuila de Zaragoza,Hombre,29,19.0,18.0,23.0,40.0,14.0,20.0,15.0,21.0,14.0,24.0,29.0,266.0
397,2019,5,Coahuila de Zaragoza,Mujer,1,2.0,3.0,3.0,4.0,6.0,1.0,0.0,1.0,0.0,1.0,0.0,22.0
398,2019,5,Coahuila de Zaragoza,No identificado,0,0.0,0.0,0.0,0.0,0.0,0.0,0.0,0.0,0.0,0.0,0.0,0.0
399,2019,6,Colima,Hombre,55,43.0,54.0,54.0,59.0,48.0,57.0,63.0,54.0,49.0,62.0,64.0,662.0
400,2019,6,Colima,Mujer,6,10.0,4.0,3.0,8.0,12.0,6.0,6.0,12.0,3.0,7.0,5.0,82.0
401,2019,6,Colima,No identificado,1,0.0,0.0,0.0,0.0,0.0,1.0,0.0,3.0,1.0,0.0,0.0,6.0
402,2019,7,Chiapas,Hombre,52,48.0,36.0,41.0,31.0,45.0,43.0,37.0,53.0,30.0,51.0,51.0,518.0
403,2019,7,Chiapas,Mujer,6,7.0,3.0,4.0,5.0,5.0,4.0,4.0,5.0,2.0,5.0,4.0,54.0
404,2019,7,Chiapas,No identificado,0,0.0,0.0,0.0,3.0,0.0,2.0,0.0,0.0,0.0,0.0,0.0,5.0
405,2019,8,Chihuahua,Hombre,179,167.0,189.0,197.0,228.0,223.0,217.0,201.0,188.0,196.0,202.0,136.0,2323.0
406,2019,8,Chihuahua,Mujer,18,10.0,14.0,18.0,21.0,20.0,28.0,24.0,16.0,21.0,25.0,34.0,249.0
407,2019,8,Chihuahua,No identificado,0,1.0,2.0,0.0,0.0,0.0,0.0,0.0,0.0,1.0,0.0,0.0,4.0
408,2019,9,Ciudad de México,Hombre,135,115.0,159.0,113.0,160.0,123.0,119.0,93.0,97.0,96.0,112.0,102.0,1424.0
409,2019,9,Ciudad de México,Mujer,12,11.0,13.0,13.0,20.0,5.0,9.0,7.0,8.0,8.0,4.0,10.0,120.0
410,2019,9,Ciudad de México,No identificado,0,0.0,0.0,0.0,0.0,0.0,0.0,0.0,0.0,0.0,0.0,0.0,0.0
411,2019,10,Durango,Hombre,5,12.0,11.0,12.0,18.0,7.0,28.0,14.0,12.0,11.0,11.0,16.0,157.0
412,2019,10,Durango,Mujer,0,3.0,2.0,0.0,1.0,1.0,1.0,1.0,0.0,1.0,0.0,0.0,10.0
413,2019,10,Durango,No identificado,0,0.0,0.0,0.0,3.0,0.0,0.0,0.0,0.0,0.0,0.0,0.0,3.0
414,2019,11,Guanajuato,Hombre,269,315.0,285.0,266.0,229.0,231.0,207.0,267.0,252.0,270.0,291.0,285.0,3167.0
415,2019,11,Guanajuato,Mujer,24,23.0,25.0,22.0,23.0,12.0,28.0,21.0,30.0,31.0,49.0,34.0,322.0
416,2019,11,Guanajuato,No identificado,0,2.0,4.0,2.0,4.0,5.0,4.0,7.0,3.0,4.0,6.0,10.0,51.0
417,2019,12,Guerrero,Hombre,140,140.0,121.0,108.0,162.0,149.0,136.0,119.0,92.0,157.0,156.0,139.0,1619.0
418,2019,12,Guerrero,Mujer,13,12.0,8.0,15.0,16.0,19.0,19.0,19.0,9.0,8.0,11.0,22.0,171.0
419,2019,12,Guerrero,No identificado,0,0.0,4.0,6.0,4.0,3.0,47.0,19.0,2.0,0.0,0.0,2.0,87.0
420,2019,13,Hidalgo,Hombre,29,19.0,24.0,13.0,19.0,33.0,29.0,19.0,27.0,26.0,9.0,25.0,272.0
421,2019,13,Hidalgo,Mujer,4,1.0,2.0,2.0,3.0,5.0,5.0,3.0,4.0,1.0,5.0,4.0,39.0
422,2019,13,Hidalgo,No identificado,2,0.0,0.0,0.0,0.0,1.0,3.0,1.0,14.0,4.0,5.0,11.0,41.0
423,2019,14,Jalisco,Hombre,200,237.0,204.0,200.0,199.0,193.0,185.0,173.0,207.0,176.0,206.0,155.0,2335.0
424,2019,14,Jalisco,Mujer,30,16.0,16.0,17.0,16.0,18.0,19.0,23.0,29.0,6.0,16.0,12.0,218.0
425,2019,14,Jalisco,No identificado,3,8.0,5.0,1.0,11.0,13.0,10.0,0.0,10.0,7.0,14.0,36.0,118.0
426,2019,15,México,Hombre,232,215.0,231.0,217.0,201.0,207.0,212.0,197.0,181.0,180.0,220.0,229.0,2522.0
427,2019,15,México,Mujer,28,21.0,38.0,37.0,36.0,20.0,26.0,27.0,28.0,15.0,22.0,23.0,321.0
428,2019,15,México,No identificado,2,0.0,2.0,2.0,3.0,0.0,1.0,2.0,0.0,1.0,3.0,0.0,16.0
429,2019,16,Michoacán de Ocampo,Hombre,125,132.0,107.0,105.0,130.0,163.0,149.0,181.0,201.0,199.0,177.0,210.0,1879.0
430,2019,16,Michoacán de Ocampo,Mujer,13,10.0,8.0,14.0,12.0,13.0,12.0,23.0,16.0,18.0,16.0,19.0,174.0
431,2019,16,Michoacán de Ocampo,No identificado,3,7.0,3.0,1.0,1.0,3.0,3.0,1.0,4.0,1.0,0.0,0.0,27.0
432,2019,17,Morelos,Hombre,75,85.0,81.0,80.0,72.0,77.0,62.0,92.0,89.0,74.0,84.0,70.0,941.0
433,2019,17,Morelos,Mujer,9,8.0,9.0,7.0,4.0,7.0,5.0,5.0,2.0,7.0,2.0,1.0,66.0
434,2019,17,Morelos,No identificado,2,1.0,0.0,0.0,1.0,0.0,2.0,0.0,4.0,1.0,1.0,0.0,12.0
435,2019,18,Nayarit,Hombre,16,10.0,12.0,7.0,17.0,18.0,15.0,9.0,12.0,14.0,12.0,11.0,153.0
436,2019,18,Nayarit,Mujer,0,0.0,0.0,1.0,2.0,2.0,2.0,2.0,2.0,0.0,2.0,2.0,15.0
437,2019,18,Nayarit,No identificado,0,1.0,1.0,4.0,2.0,1.0,1.0,2.0,1.0,1.0,0.0,1.0,15.0
438,2019,19,Nuevo León,Hombre,92,102.0,63.0,57.0,74.0,82.0,67.0,71.0,67.0,61.0,54.0,63.0,853.0
439,2019,19,Nuevo León,Mujer,0,3.0,2.0,4.0,4.0,3.0,7.0,3.0,2.0,3.0,0.0,5.0,36.0
440,2019,19,Nuevo León,No identificado,0,0.0,0.0,0.0,0.0,0.0,0.0,0.0,0.0,0.0,0.0,0.0,0.0
441,2019,20,Oaxaca,Hombre,76,62.0,76.0,82.0,81.0,106.0,101.0,97.0,77.0,102.0,86.0,104.0,1050.0
442,2019,20,Oaxaca,Mujer,15,6.0,8.0,11.0,12.0,12.0,4.0,8.0,7.0,14.0,7.0,12.0,116.0
443,2019,20,Oaxaca,No identificado,1,3.0,2.0,2.0,4.0,5.0,4.0,8.0,1.0,1.0,1.0,1.0,33.0
444,2019,21,Puebla,Hombre,81,126.0,110.0,84.0,117.0,95.0,105.0,90.0,67.0,71.0,72.0,95.0,1113.0
445,2019,21,Puebla,Mujer,3,11.0,10.0,7.0,6.0,5.0,3.0,5.0,3.0,4.0,6.0,5.0,68.0
446,2019,21,Puebla,No identificado,1,0.0,1.0,0.0,0.0,2.0,3.0,4.0,23.0,23.0,6.0,6.0,69.0
447,2019,22,Querétaro,Hombre,13,16.0,20.0,13.0,16.0,10.0,20.0,17.0,19.0,8.0,11.0,17.0,180.0
448,2019,22,Querétaro,Mujer,1,0.0,1.0,2.0,1.0,1.0,0.0,1.0,2.0,1.0,2.0,0.0,12.0
449,2019,22,Querétaro,No identificado,0,0.0,0.0,0.0,0.0,0.0,0.0,0.0,0.0,0.0,0.0,0.0,0.0
450,2019,23,Quintana Roo,Hombre,45,35.0,43.0,62.0,30.0,48.0,71.0,63.0,55.0,62.0,45.0,66.0,625.0
451,2019,23,Quintana Roo,Mujer,3,5.0,6.0,8.0,2.0,6.0,3.0,5.0,6.0,5.0,7.0,8.0,64.0
452,2019,23,Quintana Roo,No identificado,23,29.0,12.0,12.0,2.0,0.0,8.0,1.0,0.0,2.0,0.0,0.0,89.0
453,2019,24,San Luis Potosí,Hombre,35,31.0,47.0,36.0,34.0,41.0,34.0,40.0,48.0,37.0,52.0,35.0,470.0
454,2019,24,San Luis Potosí,Mujer,1,1.0,2.0,2.0,2.0,1.0,2.0,4.0,2.0,0.0,3.0,2.0,22.0
455,2019,24,San Luis Potosí,No identificado,0,0.0,1.0,0.0,0.0,0.0,0.0,0.0,0.0,0.0,0.0,1.0,2.0
456,2019,25,Sinaloa,Hombre,74,64.0,58.0,77.0,77.0,69.0,75.0,80.0,83.0,81.0,80.0,73.0,891.0
457,2019,25,Sinaloa,Mujer,1,0.0,0.0,0.0,1.0,0.0,0.0,1.0,1.0,0.0,1.0,0.0,5.0
458,2019,25,Sinaloa,No identificado,0,0.0,0.0,0.0,0.0,0.0,0.0,0.0,0.0,0.0,0.0,0.0,0.0
459,2019,26,Sonora,Hombre,76,63.0,76.0,85.0,68.0,152.0,113.0,121.0,93.0,103.0,131.0,120.0,1201.0
460,2019,26,Sonora,Mujer,2,5.0,10.0,8.0,3.0,11.0,2.0,5.0,7.0,3.0,14.0,6.0,76.0
461,2019,26,Sonora,No identificado,0,0.0,0.0,4.0,0.0,1.0,0.0,4.0,9.0,56.0,5.0,0.0,79.0
462,2019,27,Tabasco,Hombre,37,57.0,67.0,70.0,58.0,46.0,41.0,42.0,51.0,64.0,52.0,34.0,619.0
463,2019,27,Tabasco,Mujer,4,3.0,7.0,6.0,4.0,8.0,1.0,3.0,3.0,4.0,4.0,1.0,48.0
464,2019,27,Tabasco,No identificado,0,0.0,0.0,0.0,0.0,0.0,0.0,0.0,0.0,0.0,0.0,2.0,2.0
465,2019,28,Tamaulipas,Hombre,75,59.0,66.0,48.0,39.0,60.0,69.0,73.0,54.0,62.0,38.0,51.0,694.0
466,2019,28,Tamaulipas,Mujer,9,8.0,7.0,7.0,8.0,4.0,7.0,5.0,9.0,13.0,10.0,6.0,93.0
467,2019,28,Tamaulipas,No identificado,4,10.0,13.0,4.0,7.0,0.0,1.0,3.0,5.0,7.0,6.0,1.0,61.0
468,2019,29,Tlaxcala,Hombre,14,7.0,13.0,12.0,11.0,26.0,6.0,12.0,15.0,9.0,11.0,15.0,151.0
469,2019,29,Tlaxcala,Mujer,1,1.0,2.0,2.0,1.0,4.0,2.0,1.0,5.0,1.0,1.0,1.0,22.0
470,2019,29,Tlaxcala,No identificado,0,2.0,0.0,0.0,0.0,0.0,0.0,0.0,0.0,0.0,0.0,0.0,2.0
471,2019,30,Veracruz de Ignacio de la Llave,Hombre,123,134.0,166.0,143.0,143.0,151.0,133.0,159.0,105.0,107.0,93.0,93.0,1550.0
472,2019,30,Veracruz de Ignacio de la Llave,Mujer,5,5.0,13.0,14.0,5.0,10.0,7.0,18.0,18.0,10.0,7.0,9.0,121.0
473,2019,30,Veracruz de Ignacio de la Llave,No identificado,5,6.0,0.0,0.0,0.0,0.0,0.0,0.0,0.0,0.0,0.0,10.0,21.0
474,2019,31,Yucatán,Hombre,2,5.0,2.0,3.0,2.0,1.0,2.0,1.0,5.0,1.0,3.0,4.0,31.0
475,2019,31,Yucatán,Mujer,0,0.0,0.0,0.0,0.0,1.0,0.0,0.0,0.0,0.0,0.0,1.0,2.0
476,2019,31,Yucatán,No identificado,0,0.0,0.0,0.0,0.0,0.0,0.0,0.0,0.0,0.0,0.0,0.0,0.0
477,2019,32,Zacatecas,Hombre,44,36.0,50.0,36.0,48.0,45.0,45.0,36.0,44.0,46.0,56.0,58.0,544.0
478,2019,32,Zacatecas,Mujer,1,3.0,2.0,5.0,8.0,6.0,10.0,2.0,8.0,11.0,4.0,5.0,65.0
479,2019,32,Zacatecas,No identificado,1,0.0,5.0,1.0,1.0,0.0,7.0,0.0,1.0,2.0,3.0,4.0,25.0
480,2020,1,Aguascalientes,Hombre,5,10.0,6.0,4.0,11.0,8.0,12.0,6.0,3.0,4.0,6.0,2.0,77.0
481,2020,1,Aguascalientes,Mujer,0,1.0,2.0,0.0,0.0,0.0,0.0,0.0,0.0,0.0,1.0,0.0,4.0
482,2020,1,Aguascalientes,No identificado,0,0.0,0.0,0.0,0.0,0.0,0.0,0.0,0.0,0.0,0.0,0.0,0.0
483,2020,2,Baja California,Hombre,190,168.0,208.0,230.0,233.0,204.0,243.0,248.0,237.0,202.0,231.0,225.0,2619.0
484,2020,2,Baja California,Mujer,14,16.0,22.0,23.0,29.0,16.0,23.0,25.0,24.0,22.0,19.0,28.0,261.0
485,2020,2,Baja California,No identificado,5,2.0,15.0,1.0,6.0,3.0,4.0,7.0,5.0,4.0,4.0,4.0,60.0
486,2020,3,Baja California Sur,Hombre,6,1.0,2.0,2.0,7.0,5.0,7.0,8.0,3.0,2.0,5.0,10.0,58.0
487,2020,3,Baja California Sur,Mujer,2,0.0,0.0,1.0,0.0,0.0,0.0,0.0,0.0,1.0,0.0,0.0,4.0
488,2020,3,Baja California Sur,No identificado,0,1.0,0.0,0.0,0.0,0.0,2.0,0.0,0.0,2.0,0.0,0.0,5.0
489,2020,4,Campeche,Hombre,5,10.0,8.0,3.0,6.0,5.0,7.0,11.0,6.0,9.0,2.0,8.0,80.0
490,2020,4,Campeche,Mujer,0,0.0,0.0,0.0,0.0,0.0,0.0,0.0,2.0,0.0,0.0,0.0,2.0
491,2020,4,Campeche,No identificado,0,0.0,0.0,0.0,0.0,0.0,0.0,0.0,0.0,0.0,0.0,0.0,0.0
492,2020,5,Coahuila de Zaragoza,Hombre,36,11.0,21.0,13.0,8.0,22.0,27.0,18.0,13.0,16.0,23.0,8.0,216.0
493,2020,5,Coahuila de Zaragoza,Mujer,3,1.0,0.0,0.0,2.0,0.0,0.0,0.0,1.0,1.0,0.0,1.0,9.0
494,2020,5,Coahuila de Zaragoza,No identificado,0,0.0,0.0,0.0,0.0,0.0,0.0,0.0,0.0,0.0,0.0,0.0,0.0
495,2020,6,Colima,Hombre,65,54.0,50.0,46.0,56.0,42.0,33.0,23.0,33.0,41.0,50.0,38.0,531.0
496,2020,6,Colima,Mujer,9,8.0,9.0,10.0,4.0,8.0,5.0,7.0,7.0,11.0,6.0,6.0,90.0
497,2020,6,Colima,No identificado,0,1.0,0.0,2.0,0.0,2.0,0.0,0.0,1.0,2.0,0.0,1.0,9.0
498,2020,7,Chiapas,Hombre,39,33.0,29.0,32.0,27.0,40.0,43.0,47.0,27.0,41.0,34.0,32.0,424.0
499,2020,7,Chiapas,Mujer,2,3.0,1.0,7.0,5.0,4.0,6.0,4.0,4.0,0.0,3.0,2.0,41.0
500,2020,7,Chiapas,No identificado,0,0.0,0.0,0.0,1.0,1.0,0.0,0.0,0.0,0.0,0.0,0.0,2.0
501,2020,8,Chihuahua,Hombre,176,183.0,228.0,234.0,202.0,259.0,229.0,251.0,164.0,207.0,143.0,152.0,2428.0
502,2020,8,Chihuahua,Mujer,16,17.0,20.0,34.0,31.0,16.0,21.0,31.0,22.0,18.0,15.0,17.0,258.0
503,2020,8,Chihuahua,No identificado,0,2.0,0.0,0.0,0.0,0.0,0.0,0.0,1.0,0.0,0.0,0.0,3.0
504,2020,9,Ciudad de México,Hombre,117,99.0,122.0,111.0,107.0,106.0,96.0,71.0,71.0,96.0,89.0,89.0,1174.0
505,2020,9,Ciudad de México,Mujer,6,5.0,16.0,8.0,6.0,9.0,3.0,4.0,10.0,10.0,4.0,7.0,88.0
506,2020,9,Ciudad de México,No identificado,0,0.0,0.0,0.0,1.0,0.0,0.0,1.0,0.0,0.0,0.0,0.0,2.0
507,2020,10,Durango,Hombre,3,19.0,14.0,16.0,14.0,7.0,21.0,26.0,13.0,22.0,9.0,10.0,174.0
508,2020,10,Durango,Mujer,0,1.0,1.0,0.0,1.0,0.0,1.0,0.0,1.0,0.0,0.0,1.0,6.0
509,2020,10,Durango,No identificado,0,0.0,0.0,0.0,0.0,0.0,0.0,0.0,0.0,0.0,0.0,0.0,0.0
510,2020,11,Guanajuato,Hombre,397,308.0,305.0,314.0,321.0,353.0,376.0,313.0,371.0,346.0,310.0,262.0,3976.0
511,2020,11,Guanajuato,Mujer,49,34.0,38.0,51.0,45.0,35.0,24.0,19.0,30.0,26.0,31.0,31.0,413.0
512,2020,11,Guanajuato,No identificado,16,6.0,10.0,6.0,3.0,2.0,2.0,5.0,5.0,11.0,28.0,7.0,101.0
513,2020,12,Guerrero,Hombre,122,98.0,123.0,126.0,108.0,92.0,97.0,120.0,92.0,113.0,97.0,103.0,1291.0
514,2020,12,Guerrero,Mujer,13,12.0,17.0,13.0,9.0,9.0,9.0,9.0,17.0,10.0,8.0,14.0,140.0
515,2020,12,Guerrero,No identificado,0,0.0,0.0,1.0,0.0,0.0,0.0,0.0,2.0,0.0,0.0,0.0,3.0
516,2020,13,Hidalgo,Hombre,22,18.0,31.0,23.0,22.0,25.0,29.0,30.0,11.0,21.0,14.0,19.0,265.0
517,2020,13,Hidalgo,Mujer,2,2.0,1.0,3.0,2.0,4.0,7.0,5.0,0.0,5.0,1.0,1.0,33.0
518,2020,13,Hidalgo,No identificado,5,5.0,3.0,0.0,1.0,4.0,7.0,2.0,4.0,3.0,3.0,0.0,37.0
519,2020,14,Jalisco,Hombre,227,138.0,202.0,159.0,193.0,159.0,164.0,175.0,146.0,199.0,168.0,161.0,2091.0
520,2020,14,Jalisco,Mujer,26,13.0,15.0,15.0,11.0,16.0,22.0,20.0,19.0,29.0,14.0,6.0,206.0
521,2020,14,Jalisco,No identificado,85,2.0,4.0,4.0,7.0,21.0,26.0,19.0,40.0,35.0,49.0,32.0,324.0
522,2020,15,México,Hombre,185,210.0,258.0,228.0,208.0,205.0,217.0,210.0,209.0,217.0,195.0,183.0,2525.0
523,2020,15,México,Mujer,22,29.0,28.0,23.0,23.0,15.0,18.0,13.0,28.0,22.0,12.0,20.0,253.0
524,2020,15,México,No identificado,0,1.0,3.0,2.0,8.0,0.0,0.0,0.0,0.0,1.0,2.0,0.0,17.0
525,2020,16,Michoacán de Ocampo,Hombre,178,247.0,184.0,186.0,179.0,135.0,160.0,165.0,153.0,214.0,198.0,181.0,2180.0
526,2020,16,Michoacán de Ocampo,Mujer,19,19.0,25.0,18.0,21.0,20.0,14.0,19.0,14.0,18.0,20.0,22.0,229.0
527,2020,16,Michoacán de Ocampo,No identificado,2,2.0,3.0,3.0,3.0,2.0,4.0,1.0,0.0,3.0,0.0,1.0,24.0
528,2020,17,Morelos,Hombre,55,75.0,80.0,88.0,75.0,72.0,70.0,65.0,65.0,85.0,62.0,72.0,864.0
529,2020,17,Morelos,Mujer,2,5.0,6.0,2.0,3.0,2.0,2.0,7.0,7.0,6.0,1.0,5.0,48.0
530,2020,17,Morelos,No identificado,0,4.0,0.0,3.0,0.0,0.0,0.0,2.0,0.0,0.0,2.0,0.0,11.0
531,2020,18,Nayarit,Hombre,15,13.0,8.0,9.0,15.0,9.0,8.0,11.0,14.0,19.0,13.0,10.0,144.0
532,2020,18,Nayarit,Mujer,2,1.0,0.0,1.0,0.0,1.0,0.0,0.0,1.0,0.0,1.0,1.0,8.0
533,2020,18,Nayarit,No identificado,1,0.0,2.0,0.0,10.0,1.0,2.0,1.0,1.0,1.0,0.0,0.0,19.0
534,2020,19,Nuevo León,Hombre,65,72.0,78.0,71.0,77.0,82.0,58.0,69.0,70.0,57.0,70.0,50.0,819.0
535,2020,19,Nuevo León,Mujer,2,1.0,2.0,5.0,1.0,5.0,2.0,5.0,0.0,2.0,2.0,1.0,28.0
536,2020,19,Nuevo León,No identificado,0,0.0,0.0,0.0,0.0,0.0,0.0,0.0,0.0,0.0,0.0,0.0,0.0
537,2020,20,Oaxaca,Hombre,88,62.0,83.0,84.0,87.0,76.0,70.0,76.0,44.0,60.0,52.0,62.0,844.0
538,2020,20,Oaxaca,Mujer,20,3.0,8.0,6.0,3.0,6.0,5.0,8.0,8.0,11.0,2.0,15.0,95.0
539,2020,20,Oaxaca,No identificado,2,1.0,1.0,3.0,0.0,0.0,0.0,1.0,0.0,0.0,0.0,2.0,10.0
540,2020,21,Puebla,Hombre,64,70.0,90.0,98.0,82.0,67.0,69.0,81.0,63.0,62.0,63.0,66.0,875.0
541,2020,21,Puebla,Mujer,6,8.0,9.0,4.0,9.0,2.0,9.0,4.0,8.0,10.0,9.0,3.0,81.0
542,2020,21,Puebla,No identificado,8,3.0,1.0,1.0,2.0,1.0,3.0,3.0,1.0,1.0,0.0,1.0,25.0
543,2020,22,Querétaro,Hombre,11,10.0,30.0,13.0,19.0,7.0,16.0,22.0,11.0,22.0,13.0,16.0,190.0
544,2020,22,Querétaro,Mujer,1,2.0,1.0,1.0,0.0,1.0,0.0,2.0,0.0,2.0,1.0,0.0,11.0
545,2020,22,Querétaro,No identificado,0,0.0,0.0,0.0,0.0,0.0,0.0,0.0,0.0,0.0,0.0,0.0,0.0
546,2020,23,Quintana Roo,Hombre,60,70.0,66.0,49.0,43.0,31.0,46.0,46.0,52.0,50.0,43.0,30.0,586.0
547,2020,23,Quintana Roo,Mujer,7,5.0,6.0,3.0,6.0,3.0,6.0,5.0,8.0,5.0,7.0,2.0,63.0
548,2020,23,Quintana Roo,No identificado,0,0.0,0.0,0.0,0.0,0.0,0.0,0.0,0.0,0.0,0.0,0.0,0.0
549,2020,24,San Luis Potosí,Hombre,44,47.0,46.0,47.0,65.0,53.0,73.0,79.0,58.0,77.0,53.0,56.0,698.0
550,2020,24,San Luis Potosí,Mujer,1,0.0,2.0,1.0,2.0,3.0,8.0,3.0,3.0,2.0,2.0,4.0,31.0
551,2020,24,San Luis Potosí,No identificado,0,0.0,0.0,0.0,1.0,0.0,0.0,0.0,0.0,1.0,1.0,0.0,3.0
552,2020,25,Sinaloa,Hombre,58,53.0,73.0,56.0,70.0,91.0,72.0,73.0,69.0,68.0,52.0,31.0,766.0
553,2020,25,Sinaloa,Mujer,2,0.0,1.0,1.0,2.0,1.0,0.0,3.0,0.0,0.0,1.0,0.0,11.0
554,2020,25,Sinaloa,No identificado,0,0.0,0.0,0.0,0.0,0.0,0.0,0.0,0.0,0.0,0.0,1.0,1.0
555,2020,26,Sonora,Hombre,103,114.0,91.0,112.0,132.0,120.0,125.0,148.0,115.0,117.0,118.0,120.0,1415.0
556,2020,26,Sonora,Mujer,9,2.0,4.0,7.0,6.0,5.0,7.0,4.0,4.0,3.0,2.0,3.0,56.0
557,2020,26,Sonora,No identificado,8,0.0,7.0,1.0,1.0,4.0,26.0,1.0,15.0,16.0,10.0,25.0,114.0
558,2020,27,Tabasco,Hombre,52,50.0,54.0,29.0,30.0,42.0,59.0,53.0,47.0,41.0,39.0,55.0,551.0
559,2020,27,Tabasco,Mujer,4,4.0,4.0,5.0,1.0,2.0,4.0,2.0,9.0,5.0,1.0,1.0,42.0
560,2020,27,Tabasco,No identificado,0,1.0,1.0,1.0,0.0,1.0,0.0,0.0,0.0,3.0,0.0,0.0,7.0
561,2020,28,Tamaulipas,Hombre,55,86.0,49.0,51.0,68.0,46.0,52.0,46.0,48.0,38.0,27.0,31.0,597.0
562,2020,28,Tamaulipas,Mujer,7,4.0,6.0,5.0,0.0,7.0,12.0,3.0,4.0,6.0,2.0,5.0,61.0
563,2020,28,Tamaulipas,No identificado,5,5.0,5.0,3.0,0.0,1.0,4.0,8.0,2.0,7.0,8.0,1.0,49.0
564,2020,29,Tlaxcala,Hombre,13,9.0,13.0,7.0,4.0,7.0,8.0,8.0,15.0,5.0,12.0,4.0,105.0
565,2020,29,Tlaxcala,Mujer,1,0.0,2.0,0.0,2.0,1.0,1.0,1.0,4.0,0.0,2.0,1.0,15.0
566,2020,29,Tlaxcala,No identificado,0,0.0,0.0,0.0,0.0,0.0,0.0,0.0,0.0,0.0,0.0,0.0,0.0
567,2020,30,Veracruz de Ignacio de la Llave,Hombre,98,105.0,102.0,121.0,104.0,146.0,105.0,133.0,104.0,92.0,106.0,124.0,1340.0
568,2020,30,Veracruz de Ignacio de la Llave,Mujer,9,13.0,7.0,12.0,4.0,14.0,13.0,10.0,10.0,5.0,9.0,10.0,116.0
569,2020,30,Veracruz de Ignacio de la Llave,No identificado,0,0.0,7.0,5.0,0.0,0.0,0.0,0.0,0.0,0.0,0.0,0.0,12.0
570,2020,31,Yucatán,Hombre,3,4.0,2.0,4.0,2.0,6.0,4.0,2.0,4.0,5.0,3.0,10.0,49.0
571,2020,31,Yucatán,Mujer,1,2.0,0.0,0.0,0.0,0.0,0.0,1.0,0.0,0.0,0.0,1.0,5.0
572,2020,31,Yucatán,No identificado,0,0.0,0.0,0.0,0.0,0.0,0.0,0.0,0.0,0.0,0.0,0.0,0.0
573,2020,32,Zacatecas,Hombre,41,62.0,61.0,67.0,69.0,94.0,80.0,76.0,85.0,79.0,103.0,124.0,941.0
574,2020,32,Zacatecas,Mujer,3,9.0,9.0,7.0,7.0,8.0,16.0,12.0,4.0,10.0,3.0,4.0,92.0
575,2020,32,Zacatecas,No identificado,0,12.0,0.0,1.0,6.0,5.0,1.0,3.0,1.0,0.0,1.0,2.0,32.0
576,2021,1,Aguascalientes,Hombre,3,6.0,7.0,7.0,7.0,8.0,6.0,11.0,4.0,11.0,2.0,8.0,80.0
577,2021,1,Aguascalientes,Mujer,0,0.0,0.0,1.0,0.0,0.0,1.0,0.0,0.0,1.0,1.0,1.0,5.0
578,2021,1,Aguascalientes,No identificado,0,0.0,0.0,0.0,0.0,0.0,0.0,0.0,0.0,0.0,0.0,0.0,0.0
579,2021,2,Baja California,Hombre,233,216.0,235.0,233.0,245.0,221.0,263.0,221.0,184.0,176.0,198.0,181.0,2606.0
580,2021,2,Baja California,Mujer,39,20.0,38.0,22.0,30.0,28.0,25.0,35.0,14.0,15.0,15.0,26.0,307.0
581,2021,2,Baja California,No identificado,21,10.0,6.0,10.0,9.0,14.0,8.0,8.0,10.0,7.0,8.0,6.0,117.0
582,2021,3,Baja California Sur,Hombre,5,1.0,7.0,6.0,3.0,3.0,4.0,4.0,3.0,0.0,0.0,9.0,45.0
583,2021,3,Baja California Sur,Mujer,0,0.0,0.0,0.0,1.0,0.0,0.0,0.0,0.0,0.0,0.0,0.0,1.0
584,2021,3,Baja California Sur,No identificado,2,0.0,0.0,0.0,2.0,0.0,0.0,0.0,1.0,0.0,0.0,0.0,5.0
585,2021,4,Campeche,Hombre,5,10.0,7.0,3.0,14.0,5.0,9.0,16.0,9.0,4.0,1.0,6.0,89.0
586,2021,4,Campeche,Mujer,0,1.0,0.0,0.0,0.0,0.0,0.0,4.0,0.0,0.0,0.0,2.0,7.0
587,2021,4,Campeche,No identificado,0,0.0,0.0,0.0,0.0,0.0,0.0,0.0,0.0,0.0,0.0,0.0,0.0
588,2021,5,Coahuila de Zaragoza,Hombre,14,10.0,9.0,16.0,12.0,14.0,14.0,7.0,15.0,7.0,12.0,9.0,139.0
589,2021,5,Coahuila de Zaragoza,Mujer,2,1.0,0.0,0.0,1.0,0.0,0.0,1.0,0.0,0.0,1.0,0.0,6.0
590,2021,5,Coahuila de Zaragoza,No identificado,0,0.0,0.0,0.0,0.0,0.0,0.0,0.0,0.0,0.0,0.0,0.0,0.0
591,2021,6,Colima,Hombre,49,54.0,39.0,36.0,38.0,43.0,37.0,36.0,39.0,39.0,27.0,37.0,474.0
592,2021,6,Colima,Mujer,4,5.0,5.0,4.0,4.0,2.0,6.0,2.0,4.0,1.0,3.0,1.0,41.0
593,2021,6,Colima,No identificado,0,0.0,0.0,0.0,0.0,0.0,0.0,0.0,0.0,0.0,0.0,3.0,3.0
594,2021,7,Chiapas,Hombre,50,28.0,54.0,41.0,44.0,58.0,42.0,25.0,39.0,40.0,23.0,32.0,476.0
595,2021,7,Chiapas,Mujer,4,1.0,2.0,2.0,3.0,2.0,1.0,3.0,3.0,2.0,0.0,1.0,24.0
596,2021,7,Chiapas,No identificado,0,0.0,1.0,0.0,0.0,0.0,0.0,0.0,0.0,1.0,0.0,0.0,2.0
597,2021,8,Chihuahua,Hombre,172,164.0,181.0,185.0,207.0,196.0,221.0,192.0,164.0,142.0,166.0,184.0,2174.0
598,2021,8,Chihuahua,Mujer,22,23.0,28.0,16.0,30.0,18.0,26.0,25.0,16.0,28.0,16.0,10.0,258.0
599,2021,8,Chihuahua,No identificado,0,0.0,0.0,0.0,0.0,0.0,2.0,0.0,0.0,0.0,0.0,0.0,2.0
600,2021,9,Ciudad de México,Hombre,86,80.0,78.0,74.0,102.0,59.0,88.0,75.0,72.0,61.0,74.0,73.0,922.0
601,2021,9,Ciudad de México,Mujer,7,8.0,6.0,8.0,9.0,8.0,5.0,8.0,5.0,4.0,9.0,7.0,84.0
602,2021,9,Ciudad de México,No identificado,0,0.0,0.0,0.0,0.0,0.0,0.0,0.0,0.0,0.0,0.0,0.0,0.0
603,2021,10,Durango,Hombre,16,11.0,22.0,14.0,15.0,11.0,7.0,8.0,24.0,12.0,9.0,7.0,156.0
604,2021,10,Durango,Mujer,2,0.0,0.0,0.0,0.0,0.0,0.0,0.0,0.0,0.0,0.0,0.0,2.0
605,2021,10,Durango,No identificado,0,0.0,0.0,0.0,0.0,0.0,0.0,0.0,0.0,0.0,0.0,0.0,0.0
606,2021,11,Guanajuato,Hombre,291,232.0,305.0,284.0,256.0,230.0,273.0,240.0,247.0,260.0,244.0,248.0,3110.0
607,2021,11,Guanajuato,Mujer,34,15.0,20.0,42.0,21.0,21.0,22.0,42.0,21.0,33.0,45.0,28.0,344.0
608,2021,11,Guanajuato,No identificado,10,9.0,10.0,11.0,5.0,4.0,3.0,3.0,4.0,2.0,0.0,1.0,62.0
609,2021,12,Guerrero,Hombre,106,87.0,106.0,86.0,128.0,114.0,99.0,106.0,104.0,99.0,116.0,91.0,1242.0
610,2021,12,Guerrero,Mujer,7,10.0,10.0,13.0,16.0,10.0,10.0,8.0,7.0,10.0,13.0,7.0,121.0
611,2021,12,Guerrero,No identificado,4,0.0,6.0,0.0,0.0,0.0,1.0,0.0,0.0,2.0,1.0,0.0,14.0
612,2021,13,Hidalgo,Hombre,14,17.0,16.0,18.0,17.0,6.0,18.0,17.0,34.0,18.0,20.0,19.0,214.0
613,2021,13,Hidalgo,Mujer,2,5.0,5.0,0.0,2.0,0.0,1.0,7.0,3.0,2.0,0.0,2.0,29.0
614,2021,13,Hidalgo,No identificado,5,4.0,7.0,3.0,0.0,6.0,0.0,4.0,3.0,1.0,1.0,3.0,37.0
615,2021,14,Jalisco,Hombre,186,217.0,167.0,172.0,200.0,143.0,141.0,130.0,179.0,149.0,116.0,160.0,1960.0
616,2021,14,Jalisco,Mujer,17,18.0,16.0,17.0,20.0,14.0,18.0,17.0,18.0,13.0,15.0,14.0,197.0
617,2021,14,Jalisco,No identificado,9,7.0,29.0,26.0,20.0,26.0,24.0,34.0,12.0,10.0,13.0,7.0,217.0
618,2021,15,México,Hombre,156,217.0,215.0,179.0,213.0,186.0,190.0,210.0,215.0,222.0,203.0,199.0,2405.0
619,2021,15,México,Mujer,14,23.0,31.0,17.0,15.0,11.0,15.0,17.0,14.0,24.0,24.0,29.0,234.0
620,2021,15,México,No identificado,0,1.0,0.0,1.0,3.0,0.0,1.0,1.0,1.0,0.0,0.0,1.0,9.0
621,2021,16,Michoacán de Ocampo,Hombre,188,180.0,189.0,212.0,201.0,171.0,213.0,205.0,209.0,228.0,209.0,233.0,2438.0
622,2021,16,Michoacán de Ocampo,Mujer,15,20.0,26.0,25.0,17.0,22.0,24.0,22.0,18.0,23.0,21.0,18.0,251.0
623,2021,16,Michoacán de Ocampo,No identificado,1,1.0,1.0,2.0,3.0,2.0,8.0,0.0,1.0,7.0,11.0,5.0,42.0
624,2021,17,Morelos,Hombre,71,61.0,82.0,99.0,113.0,89.0,93.0,69.0,90.0,103.0,97.0,89.0,1056.0
625,2021,17,Morelos,Mujer,5,1.0,6.0,9.0,8.0,6.0,6.0,10.0,6.0,7.0,6.0,7.0,77.0
626,2021,17,Morelos,No identificado,0,0.0,3.0,0.0,1.0,4.0,4.0,0.0,0.0,10.0,6.0,4.0,32.0
627,2021,18,Nayarit,Hombre,22,17.0,14.0,15.0,11.0,19.0,11.0,15.0,18.0,16.0,18.0,8.0,184.0
628,2021,18,Nayarit,Mujer,1,0.0,1.0,3.0,3.0,2.0,1.0,2.0,2.0,1.0,0.0,0.0,16.0
629,2021,18,Nayarit,No identificado,1,1.0,3.0,3.0,1.0,2.0,1.0,2.0,0.0,0.0,2.0,2.0,18.0
630,2021,19,Nuevo León,Hombre,78,65.0,79.0,81.0,85.0,91.0,102.0,95.0,85.0,67.0,44.0,96.0,968.0
631,2021,19,Nuevo León,Mujer,1,4.0,2.0,0.0,2.0,7.0,6.0,5.0,4.0,3.0,0.0,1.0,35.0
632,2021,19,Nuevo León,No identificado,0,0.0,0.0,0.0,0.0,0.0,0.0,0.0,0.0,0.0,0.0,0.0,0.0
633,2021,20,Oaxaca,Hombre,69,54.0,74.0,69.0,52.0,56.0,55.0,70.0,59.0,77.0,62.0,68.0,765.0
634,2021,20,Oaxaca,Mujer,8,6.0,6.0,3.0,2.0,4.0,5.0,4.0,6.0,6.0,2.0,8.0,60.0
635,2021,20,Oaxaca,No identificado,0,0.0,1.0,1.0,0.0,0.0,0.0,0.0,0.0,0.0,0.0,0.0,2.0
636,2021,21,Puebla,Hombre,59,47.0,80.0,68.0,56.0,59.0,78.0,74.0,63.0,64.0,73.0,61.0,782.0
637,2021,21,Puebla,Mujer,3,6.0,9.0,6.0,9.0,5.0,5.0,5.0,12.0,4.0,10.0,10.0,84.0
638,2021,21,Puebla,No identificado,1,0.0,0.0,0.0,1.0,0.0,0.0,1.0,0.0,1.0,0.0,0.0,4.0
639,2021,22,Querétaro,Hombre,15,14.0,17.0,21.0,22.0,10.0,13.0,11.0,15.0,14.0,19.0,13.0,184.0
640,2021,22,Querétaro,Mujer,2,1.0,1.0,1.0,0.0,0.0,2.0,3.0,2.0,0.0,1.0,1.0,14.0
641,2021,22,Querétaro,No identificado,0,0.0,0.0,0.0,0.0,0.0,0.0,0.0,3.0,0.0,0.0,0.0,3.0
642,2021,23,Quintana Roo,Hombre,26,50.0,48.0,68.0,53.0,53.0,41.0,62.0,55.0,50.0,54.0,38.0,598.0
643,2021,23,Quintana Roo,Mujer,4,2.0,6.0,5.0,6.0,1.0,5.0,5.0,5.0,6.0,6.0,2.0,53.0
644,2021,23,Quintana Roo,No identificado,0,0.0,0.0,0.0,0.0,0.0,0.0,0.0,0.0,0.0,0.0,0.0,0.0
645,2021,24,San Luis Potosí,Hombre,64,57.0,78.0,66.0,67.0,64.0,48.0,60.0,36.0,51.0,42.0,45.0,678.0
646,2021,24,San Luis Potosí,Mujer,9,6.0,6.0,5.0,7.0,12.0,1.0,3.0,4.0,2.0,2.0,1.0,58.0
647,2021,24,San Luis Potosí,No identificado,0,0.0,0.0,2.0,1.0,0.0,0.0,0.0,1.0,0.0,0.0,0.0,4.0
648,2021,25,Sinaloa,Hombre,55,51.0,42.0,43.0,68.0,43.0,50.0,47.0,62.0,47.0,43.0,41.0,592.0
649,2021,25,Sinaloa,Mujer,1,0.0,1.0,0.0,1.0,0.0,0.0,1.0,1.0,1.0,0.0,2.0,8.0
650,2021,25,Sinaloa,No identificado,0,0.0,0.0,0.0,0.0,0.0,0.0,0.0,0.0,0.0,0.0,0.0,0.0
651,2021,26,Sonora,Hombre,127,102.0,150.0,149.0,149.0,111.0,171.0,136.0,139.0,140.0,114.0,131.0,1619.0
652,2021,26,Sonora,Mujer,3,7.0,13.0,9.0,14.0,5.0,8.0,13.0,4.0,8.0,6.0,5.0,95.0
653,2021,26,Sonora,No identificado,13,24.0,12.0,37.0,13.0,25.0,10.0,3.0,3.0,9.0,48.0,19.0,216.0
654,2021,27,Tabasco,Hombre,31,43.0,36.0,48.0,36.0,37.0,30.0,46.0,35.0,24.0,20.0,23.0,409.0
655,2021,27,Tabasco,Mujer,5,3.0,1.0,4.0,5.0,2.0,2.0,2.0,3.0,2.0,2.0,3.0,34.0
656,2021,27,Tabasco,No identificado,3,0.0,0.0,0.0,0.0,2.0,0.0,2.0,0.0,1.0,0.0,0.0,8.0
657,2021,28,Tamaulipas,Hombre,45,41.0,52.0,52.0,38.0,68.0,32.0,51.0,46.0,50.0,44.0,37.0,556.0
658,2021,28,Tamaulipas,Mujer,8,7.0,4.0,1.0,4.0,7.0,5.0,4.0,9.0,10.0,2.0,4.0,65.0
659,2021,28,Tamaulipas,No identificado,6,7.0,3.0,8.0,20.0,4.0,4.0,9.0,7.0,8.0,3.0,3.0,82.0
660,2021,29,Tlaxcala,Hombre,8,6.0,11.0,10.0,9.0,11.0,8.0,5.0,11.0,11.0,9.0,6.0,105.0
661,2021,29,Tlaxcala,Mujer,0,2.0,3.0,0.0,2.0,0.0,2.0,3.0,3.0,3.0,0.0,1.0,19.0
662,2021,29,Tlaxcala,No identificado,0,0.0,0.0,0.0,0.0,0.0,0.0,0.0,0.0,0.0,0.0,0.0,0.0
663,2021,30,Veracruz de Ignacio de la Llave,Hombre,124,95.0,104.0,103.0,99.0,79.0,86.0,93.0,86.0,106.0,88.0,99.0,1162.0
664,2021,30,Veracruz de Ignacio de la Llave,Mujer,9,7.0,8.0,4.0,7.0,2.0,8.0,9.0,9.0,8.0,8.0,4.0,83.0
665,2021,30,Veracruz de Ignacio de la Llave,No identificado,0,0.0,3.0,0.0,0.0,1.0,0.0,0.0,0.0,0.0,0.0,0.0,4.0
666,2021,31,Yucatán,Hombre,6,3.0,6.0,2.0,0.0,3.0,7.0,4.0,5.0,1.0,0.0,4.0,41.0
667,2021,31,Yucatán,Mujer,0,0.0,0.0,1.0,0.0,0.0,0.0,0.0,0.0,0.0,0.0,0.0,1.0
668,2021,31,Yucatán,No identificado,0,0.0,0.0,0.0,0.0,0.0,0.0,0.0,0.0,0.0,0.0,0.0,0.0
669,2021,32,Zacatecas,Hombre,142,123.0,97.0,95.0,108.0,108.0,115.0,138.0,160.0,129.0,134.0,100.0,1449.0
670,2021,32,Zacatecas,Mujer,10,6.0,6.0,3.0,15.0,12.0,17.0,12.0,23.0,10.0,11.0,10.0,135.0
671,2021,32,Zacatecas,No identificado,10,5.0,1.0,2.0,1.0,3.0,1.0,5.0,6.0,2.0,4.0,1.0,41.0
672,2022,1,Aguascalientes,Hombre,6,4.0,5.0,2.0,4.0,8.0,8.0,10.0,7.0,8.0,5.0,7.0,74.0
673,2022,1,Aguascalientes,Mujer,0,0.0,0.0,0.0,0.0,0.0,0.0,1.0,2.0,1.0,1.0,0.0,5.0
674,2022,1,Aguascalientes,No identificado,0,0.0,0.0,0.0,0.0,0.0,0.0,0.0,0.0,0.0,0.0,0.0,0.0
675,2022,2,Baja California,Hombre,195,143.0,172.0,183.0,204.0,209.0,218.0,196.0,209.0,226.0,187.0,205.0,2347.0
676,2022,2,Baja California,Mujer,22,12.0,26.0,24.0,24.0,31.0,30.0,22.0,22.0,15.0,23.0,25.0,276.0
677,2022,2,Baja California,No identificado,5,10.0,8.0,8.0,7.0,19.0,20.0,16.0,1.0,3.0,8.0,0.0,105.0
678,2022,3,Baja California Sur,Hombre,4,3.0,2.0,14.0,6.0,4.0,2.0,2.0,6.0,2.0,0.0,4.0,49.0
679,2022,3,Baja California Sur,Mujer,0,0.0,0.0,4.0,1.0,0.0,0.0,0.0,0.0,0.0,0.0,0.0,5.0
680,2022,3,Baja California Sur,No identificado,0,0.0,1.0,0.0,0.0,0.0,0.0,1.0,0.0,1.0,0.0,0.0,3.0
681,2022,4,Campeche,Hombre,8,4.0,3.0,2.0,11.0,9.0,9.0,1.0,7.0,8.0,15.0,15.0,92.0
682,2022,4,Campeche,Mujer,0,0.0,0.0,0.0,1.0,0.0,0.0,0.0,0.0,0.0,0.0,0.0,1.0
683,2022,4,Campeche,No identificado,0,0.0,0.0,0.0,1.0,0.0,0.0,0.0,0.0,0.0,0.0,0.0,1.0
684,2022,5,Coahuila de Zaragoza,Hombre,10,6.0,13.0,15.0,12.0,8.0,13.0,5.0,16.0,10.0,7.0,13.0,128.0
685,2022,5,Coahuila de Zaragoza,Mujer,1,1.0,1.0,2.0,0.0,0.0,0.0,1.0,0.0,0.0,0.0,0.0,6.0
686,2022,5,Coahuila de Zaragoza,No identificado,0,0.0,0.0,0.0,0.0,0.0,0.0,0.0,0.0,0.0,0.0,0.0,0.0
687,2022,6,Colima,Hombre,47,67.0,87.0,73.0,82.0,56.0,49.0,59.0,64.0,75.0,55.0,54.0,768.0
688,2022,6,Colima,Mujer,0,3.0,8.0,9.0,11.0,11.0,6.0,7.0,7.0,12.0,5.0,8.0,87.0
689,2022,6,Colima,No identificado,1,0.0,0.0,0.0,1.0,2.0,0.0,6.0,0.0,0.0,0.0,3.0,13.0
690,2022,7,Chiapas,Hombre,29,37.0,39.0,41.0,40.0,31.0,39.0,28.0,26.0,23.0,35.0,37.0,405.0
691,2022,7,Chiapas,Mujer,1,6.0,0.0,1.0,0.0,0.0,0.0,4.0,0.0,3.0,2.0,1.0,18.0
692,2022,7,Chiapas,No identificado,1,0.0,0.0,0.0,0.0,0.0,3.0,0.0,0.0,0.0,1.0,0.0,5.0
693,2022,8,Chihuahua,Hombre,125,123.0,119.0,120.0,168.0,185.0,177.0,183.0,160.0,185.0,124.0,115.0,1784.0
694,2022,8,Chihuahua,Mujer,17,19.0,9.0,12.0,18.0,18.0,23.0,20.0,16.0,16.0,13.0,8.0,189.0
695,2022,8,Chihuahua,No identificado,0,0.0,1.0,0.0,0.0,0.0,0.0,0.0,0.0,0.0,0.0,0.0,1.0
696,2022,9,Ciudad de México,Hombre,48,44.0,56.0,61.0,68.0,52.0,64.0,74.0,52.0,57.0,80.0,67.0,723.0
697,2022,9,Ciudad de México,Mujer,5,6.0,5.0,4.0,5.0,3.0,3.0,5.0,6.0,10.0,10.0,6.0,68.0
698,2022,9,Ciudad de México,No identificado,0,0.0,0.0,0.0,0.0,1.0,0.0,0.0,1.0,1.0,0.0,0.0,3.0
699,2022,10,Durango,Hombre,9,11.0,6.0,12.0,11.0,12.0,11.0,12.0,10.0,13.0,8.0,9.0,124.0
700,2022,10,Durango,Mujer,0,0.0,0.0,1.0,0.0,2.0,0.0,1.0,0.0,0.0,1.0,0.0,5.0
701,2022,10,Durango,No identificado,0,0.0,1.0,0.0,0.0,0.0,0.0,0.0,0.0,0.0,0.0,0.0,1.0
702,2022,11,Guanajuato,Hombre,216,198.0,259.0,204.0,249.0,226.0,261.0,214.0,264.0,248.0,219.0,236.0,2794.0
703,2022,11,Guanajuato,Mujer,30,31.0,26.0,20.0,48.0,40.0,31.0,33.0,41.0,41.0,41.0,31.0,413.0
704,2022,11,Guanajuato,No identificado,0,2.0,4.0,3.0,2.0,8.0,6.0,4.0,4.0,4.0,7.0,9.0,53.0
705,2022,12,Guerrero,Hombre,78,91.0,98.0,114.0,90.0,127.0,122.0,86.0,117.0,126.0,89.0,101.0,1239.0
706,2022,12,Guerrero,Mujer,14,6.0,7.0,9.0,11.0,16.0,6.0,6.0,9.0,12.0,10.0,9.0,115.0
707,2022,12,Guerrero,No identificado,2,0.0,1.0,1.0,1.0,0.0,0.0,0.0,1.0,0.0,0.0,0.0,6.0
708,2022,13,Hidalgo,Hombre,24,15.0,29.0,22.0,32.0,17.0,20.0,15.0,21.0,23.0,26.0,14.0,258.0
709,2022,13,Hidalgo,Mujer,1,1.0,5.0,2.0,2.0,9.0,2.0,2.0,1.0,4.0,3.0,2.0,34.0
710,2022,13,Hidalgo,No identificado,5,2.0,4.0,8.0,6.0,5.0,4.0,0.0,1.0,0.0,2.0,1.0,38.0
711,2022,14,Jalisco,Hombre,131,107.0,122.0,111.0,152.0,155.0,154.0,121.0,141.0,160.0,133.0,122.0,1609.0
712,2022,14,Jalisco,Mujer,16,12.0,6.0,15.0,16.0,19.0,17.0,18.0,14.0,18.0,18.0,12.0,181.0
713,2022,14,Jalisco,No identificado,4,44.0,26.0,50.0,7.0,34.0,21.0,36.0,18.0,26.0,15.0,0.0,281.0
714,2022,15,México,Hombre,193,144.0,232.0,188.0,216.0,166.0,187.0,192.0,237.0,204.0,174.0,187.0,2320.0
715,2022,15,México,Mujer,21,20.0,16.0,12.0,20.0,31.0,22.0,29.0,27.0,27.0,16.0,28.0,269.0
716,2022,15,México,No identificado,0,2.0,1.0,1.0,1.0,1.0,1.0,0.0,1.0,0.0,3.0,4.0,15.0
717,2022,16,Michoacán de Ocampo,Hombre,207,221.0,239.0,216.0,181.0,171.0,137.0,159.0,140.0,172.0,152.0,146.0,2141.0
718,2022,16,Michoacán de Ocampo,Mujer,25,24.0,26.0,24.0,18.0,29.0,23.0,18.0,19.0,8.0,6.0,12.0,232.0
719,2022,16,Michoacán de Ocampo,No identificado,1,3.0,8.0,3.0,4.0,15.0,5.0,3.0,0.0,4.0,2.0,2.0,50.0
720,2022,17,Morelos,Hombre,72,68.0,98.0,106.0,103.0,67.0,90.0,76.0,93.0,112.0,95.0,93.0,1073.0
721,2022,17,Morelos,Mujer,8,2.0,4.0,10.0,10.0,4.0,8.0,10.0,10.0,9.0,5.0,8.0,88.0
722,2022,17,Morelos,No identificado,1,0.0,0.0,1.0,1.0,0.0,1.0,1.0,2.0,4.0,2.0,0.0,13.0
723,2022,18,Nayarit,Hombre,9,17.0,11.0,11.0,25.0,11.0,13.0,7.0,9.0,8.0,6.0,18.0,145.0
724,2022,18,Nayarit,Mujer,1,1.0,2.0,1.0,0.0,1.0,0.0,0.0,1.0,2.0,0.0,2.0,11.0
725,2022,18,Nayarit,No identificado,0,2.0,2.0,0.0,0.0,0.0,0.0,2.0,0.0,1.0,1.0,1.0,9.0
726,2022,19,Nuevo León,Hombre,87,98.0,79.0,88.0,126.0,123.0,115.0,144.0,112.0,124.0,85.0,93.0,1274.0
727,2022,19,Nuevo León,Mujer,3,5.0,2.0,4.0,3.0,4.0,5.0,9.0,7.0,3.0,2.0,7.0,54.0
728,2022,19,Nuevo León,No identificado,0,0.0,0.0,0.0,0.0,0.0,0.0,0.0,0.0,0.0,0.0,0.0,0.0
729,2022,20,Oaxaca,Hombre,59,54.0,60.0,57.0,83.0,60.0,76.0,98.0,60.0,94.0,60.0,73.0,834.0
730,2022,20,Oaxaca,Mujer,4,13.0,9.0,11.0,12.0,9.0,13.0,16.0,13.0,10.0,4.0,14.0,128.0
731,2022,20,Oaxaca,No identificado,0,0.0,1.0,2.0,0.0,0.0,1.0,0.0,1.0,0.0,1.0,0.0,6.0
732,2022,21,Puebla,Hombre,60,83.0,76.0,81.0,91.0,54.0,70.0,70.0,82.0,75.0,63.0,78.0,883.0
733,2022,21,Puebla,Mujer,3,10.0,18.0,11.0,10.0,9.0,10.0,14.0,3.0,9.0,7.0,16.0,120.0
734,2022,21,Puebla,No identificado,1,1.0,1.0,1.0,0.0,3.0,2.0,6.0,2.0,1.0,1.0,2.0,21.0
735,2022,22,Querétaro,Hombre,15,12.0,3.0,14.0,15.0,11.0,16.0,9.0,19.0,17.0,15.0,16.0,162.0
736,2022,22,Querétaro,Mujer,2,0.0,0.0,1.0,0.0,1.0,0.0,1.0,2.0,0.0,3.0,1.0,11.0
737,2022,22,Querétaro,No identificado,0,0.0,0.0,0.0,0.0,0.0,0.0,0.0,0.0,0.0,0.0,0.0,0.0
738,2022,23,Quintana Roo,Hombre,32,40.0,53.0,45.0,56.0,46.0,41.0,53.0,69.0,51.0,51.0,48.0,585.0
739,2022,23,Quintana Roo,Mujer,2,1.0,3.0,3.0,3.0,4.0,10.0,2.0,4.0,4.0,4.0,5.0,45.0
740,2022,23,Quintana Roo,No identificado,0,0.0,0.0,0.0,0.0,0.0,0.0,0.0,0.0,0.0,0.0,0.0,0.0
741,2022,24,San Luis Potosí,Hombre,51,58.0,52.0,56.0,62.0,71.0,45.0,45.0,41.0,44.0,40.0,45.0,610.0
742,2022,24,San Luis Potosí,Mujer,0,1.0,7.0,0.0,8.0,5.0,2.0,6.0,4.0,0.0,3.0,0.0,36.0
743,2022,24,San Luis Potosí,No identificado,0,1.0,0.0,0.0,0.0,0.0,0.0,0.0,1.0,0.0,0.0,0.0,2.0
744,2022,25,Sinaloa,Hombre,32,32.0,41.0,40.0,54.0,40.0,36.0,33.0,51.0,35.0,31.0,36.0,461.0
745,2022,25,Sinaloa,Mujer,1,2.0,0.0,1.0,1.0,2.0,0.0,0.0,1.0,0.0,3.0,2.0,13.0
746,2022,25,Sinaloa,No identificado,2,0.0,0.0,0.0,0.0,0.0,1.0,0.0,1.0,0.0,0.0,0.0,4.0
747,2022,26,Sonora,Hombre,138,89.0,147.0,93.0,123.0,125.0,129.0,109.0,113.0,111.0,99.0,146.0,1422.0
748,2022,26,Sonora,Mujer,9,10.0,6.0,14.0,9.0,5.0,3.0,7.0,11.0,7.0,10.0,17.0,108.0
749,2022,26,Sonora,No identificado,12,16.0,21.0,24.0,21.0,14.0,9.0,15.0,10.0,21.0,9.0,42.0,214.0
750,2022,27,Tabasco,Hombre,31,25.0,21.0,25.0,27.0,21.0,25.0,25.0,23.0,24.0,18.0,28.0,293.0
751,2022,27,Tabasco,Mujer,2,1.0,1.0,0.0,5.0,6.0,4.0,0.0,3.0,1.0,1.0,3.0,27.0
752,2022,27,Tabasco,No identificado,0,0.0,0.0,1.0,4.0,0.0,0.0,1.0,1.0,0.0,0.0,0.0,7.0
753,2022,28,Tamaulipas,Hombre,34,23.0,38.0,29.0,38.0,36.0,34.0,40.0,24.0,22.0,23.0,27.0,368.0
754,2022,28,Tamaulipas,Mujer,3,6.0,3.0,3.0,2.0,4.0,3.0,4.0,6.0,3.0,3.0,2.0,42.0
755,2022,28,Tamaulipas,No identificado,3,6.0,8.0,3.0,3.0,7.0,4.0,7.0,8.0,5.0,6.0,2.0,62.0
756,2022,29,Tlaxcala,Hombre,4,11.0,12.0,19.0,14.0,9.0,8.0,11.0,8.0,19.0,7.0,10.0,132.0
757,2022,29,Tlaxcala,Mujer,1,1.0,0.0,1.0,1.0,2.0,1.0,1.0,0.0,0.0,0.0,1.0,9.0
758,2022,29,Tlaxcala,No identificado,0,0.0,0.0,0.0,0.0,2.0,0.0,0.0,0.0,0.0,0.0,0.0,2.0
759,2022,30,Veracruz de Ignacio de la Llave,Hombre,95,58.0,78.0,83.0,79.0,67.0,78.0,87.0,71.0,68.0,60.0,77.0,901.0
760,2022,30,Veracruz de Ignacio de la Llave,Mujer,6,3.0,7.0,6.0,12.0,6.0,7.0,9.0,6.0,9.0,5.0,3.0,79.0
761,2022,30,Veracruz de Ignacio de la Llave,No identificado,1,0.0,0.0,0.0,0.0,0.0,1.0,2.0,0.0,0.0,0.0,0.0,4.0
762,2022,31,Yucatán,Hombre,4,5.0,2.0,1.0,6.0,1.0,4.0,3.0,3.0,2.0,2.0,2.0,35.0
763,2022,31,Yucatán,Mujer,0,0.0,0.0,0.0,0.0,1.0,0.0,1.0,0.0,2.0,0.0,0.0,4.0
764,2022,31,Yucatán,No identificado,0,0.0,0.0,0.0,0.0,0.0,0.0,0.0,0.0,0.0,0.0,0.0,0.0
765,2022,32,Zacatecas,Hombre,121,75.0,99.0,102.0,77.0,98.0,111.0,90.0,89.0,114.0,112.0,107.0,1195.0
766,2022,32,Zacatecas,Mujer,15,8.0,6.0,17.0,11.0,7.0,8.0,11.0,12.0,12.0,13.0,9.0,129.0
767,2022,32,Zacatecas,No identificado,0,0.0,1.0,2.0,1.0,1.0,3.0,1.0,2.0,1.0,2.0,2.0,16.0
